ic,ðu,us,he,ðæt,ne,manig,twegen,micel,lang,min,cwen,mann,fisc,hund,treow,blæd,gelynd,æg,horn,hær,heafod,eare,eage,muþ,tunge,clea,fot,cneow,mund,sweora,heorte,drincan,etan,bitan,seon,gehiran,cunnan,swefan,dead,fleogan,findan,cuman,licgan,sittan,standan,sæcgan,sunne,mona,steorra,ea,regn,stan,eorþe,neowol,þrosm,axe,bærnan,beorg,read,grene,geolo,hwit,niht,wearm,ceald,full,niwe,betra,dryge,nama
"[-4.8960476   1.2704357  -0.09884644 -1.017366   -1.7322377   1.0726155
  3.8407412   0.501181   -1.5484082   2.2949224   0.57200205  6.2554708
 -0.9849067  -0.83948654 -5.0220556   0.32166597  1.978689   -0.7404689
  1.5297886  -2.2718391  -0.13351795 -1.8082616  -1.6261184   0.44848794
 -1.2543042  -1.7362621  -0.5921779   3.3074992   0.83601713 -1.7306995
  4.229643    2.1714604   1.8720182  -0.50934684  0.93865955 -0.40139577
 -2.4047058  -2.4620116   0.9441737   2.4853888   0.8527224  -1.3370959
 -4.225553    0.4820963   3.8880503   2.4888802   0.95533687  2.5171876
  2.2410295  -1.8404926   1.3307772   1.5540425   2.5608678  -2.5419211
 -1.4679469  -1.7945048  -3.234412   -0.849445    4.2248955  -3.6374934
 -2.4923341  -3.361554    2.6441495  -0.13761413  0.63075995 -1.5807492
  0.8785018   1.4957101  -0.27731296  2.7086356   1.3784063   4.382222
 -2.6172729   1.3890541   1.972521   -1.8818122  -0.2560862   0.6217055
  2.5582254  -1.087526   -3.0789638  -1.1127156   4.656276   -2.1617742
 -3.6263351  -4.7516894  -0.712615   -0.13751441 -4.017179    1.0650223
 -3.5265079   2.4204245   2.8218243   2.9720652  -2.0151393  -2.9424605
 -0.2324      0.30688038  0.58089024  4.6440067 ]","[ -1.3987533   -4.7848344    1.313249     7.693131    -2.3012125
   3.8458745    1.0776227   -6.6583157   -0.6022394    0.05791795
  -2.6135008    7.557343     1.5358701   -1.9335685   -1.5839058
   0.56349003  -0.5583131   -3.107884     2.1649318   -5.22253
   0.5046835    3.8643317   -4.588556    -4.5558333    4.4782257
  -0.57750493   1.3263203    6.691971    -4.9761558   -6.104024
   0.5063525    3.6953077  -14.0733795    5.6070614    3.785371
  -0.5887197   -2.3381674   -1.1326517    3.6449666   -0.8467522
  -2.3320758    3.205987    -2.8881366   -6.47434      0.8940545
  -3.3485777    5.800324    -3.926254     1.7191546    3.4951286
   1.918315    -4.407413     3.7274172    2.0011303    3.5465002
  -7.073226    -3.0150273   -0.46186742   3.255774    -3.8233705
   4.977333    -1.4639747    4.2929997    2.7228782   -4.8575816
  -6.887268    -6.180946     4.077107     8.977887    -0.30754414
  12.174152     1.9548585  -10.839639    11.785528    12.924606
   3.2836697   -2.4920115   -7.5400667   -4.844597    -1.7102238
   3.3774877    0.02688077  -2.5254307   -0.6173456   -4.3314962
   0.90520674   1.3555088    2.0418084    1.0060269    1.1350441
   0.8691316    5.191522     8.70207      5.8039947    3.4164042
   2.6813154   -7.957876     1.6926061   -6.053196     0.01519901]","[ 1.6909399   2.9764159   6.11006     1.2100412  -5.5390654  -4.842928
 -6.7153616  -1.499731   -1.7503332   5.0369425   2.500664   -2.773641
  4.5422544  -0.88964796 -2.8412068   2.2040803   2.1849108   3.2367513
  0.6479205  -5.042439    8.814781   -1.9263147   5.298851    2.6645775
 -0.43880245  4.0767508   0.11262649  4.456264    0.7452814  -4.6437654
  6.645855    9.122705    0.99051267  4.4948735  -0.26928183  1.5747409
  3.7881758   2.1366043  -1.5510631   1.8456954   1.4526117   0.08666363
 -6.982841   -1.8970844   0.90300363 -7.304786    3.0024464   0.4184992
 -7.3507366   1.5697849  -5.208433    1.4116349  -7.04987    -1.2201142
  8.083445    3.6390758  -4.1679497  -3.2525625  -5.1890545  -4.822284
  2.0957994  -3.031277   -3.1240013   3.8911936   7.5442414   1.539801
 -3.5977008  -8.6498785   2.249593    7.14909    -3.990279   -0.83585906
 -3.2338932   4.4653883  -1.4337873   8.301625   -0.44401217 -2.83344
 -0.03259924 -7.746393   10.421828   -7.7619224   2.0073264   6.0385237
 -0.07435966  5.63405     3.9709084   1.3400375  -2.2611425  -0.09015507
  2.00067    -0.05995904 -1.9172412  -3.904542   -7.9569697   4.417332
  2.0007455   5.3198276  -1.8991764  -8.324954  ]","[ 0.81290674  1.1025069  -0.7590697  -0.37491843 -2.8024733   2.2143085
  3.4602625  -2.6912982  -0.9160705   0.36871356  5.836229    3.786555
  4.0353475   0.93648636 -0.59993696 -2.3134058   0.96032435 -0.4845711
  2.311146   -1.7554213   4.3110313  -5.1774654   5.7371078  -2.4245532
  2.997766    1.1680998   0.2429102   3.0264606  -0.94977915 -1.35186
  2.6164598   3.100142   -0.5015917   1.6027658  -1.5826803  -3.0257323
 -0.87585175  1.3507572  -2.2211108   2.8764443  -0.40928873 -2.8124871
  0.21876523 -2.1595407  -2.5960395   2.820746    2.262072   -0.03369449
  3.155088   -1.1827748   1.6611608   1.65001    -3.910479   -1.4266363
  0.77655005 -3.9274573  -4.2362847  -2.0934522   0.1359028  -0.3075908
 -2.417005   -1.0742822   3.2693863   0.5404738   1.9355897  -1.4173825
  2.673349    0.45395365  0.67884445 -2.9833796  -1.8419509   6.0594997
 -1.6456692   5.141951   -0.3865389  -0.9462519   0.71173006  0.13655697
  1.2341808  -1.8644793  -0.4410008  -1.487329    1.560344    1.5070068
 -1.5079137   0.1450892   0.33319953 -1.4489976  -2.4316838   0.22578551
  1.9592952   7.6219068   1.6736226   0.71149427 -3.6361191  -4.276535
  6.2975774  -2.5649464  -0.9105471   4.500974  ]","[  3.2919881  -12.435041     2.1353223    4.8418136    2.496604
   6.58903      1.6106875   -3.9982285   -2.5514224    0.2935365
  -5.7493405    3.0918183   -7.545535    -1.7587161    6.575235
   5.6939588   -4.0504446   -0.17970733   6.148447    -2.5390122
  -6.5913663   -4.321104     6.830846     0.27768686   6.126114
  -2.7071428    1.1808089    3.840721    -5.6252966    0.4664498
   3.314163     1.0606667   -3.9705257    5.187854     0.3597124
  -3.4443798   -0.91735286   0.5452723    0.1416352    0.39980215
  -7.084372     4.6642475    0.49451128  -1.365959     5.0450077
   4.736565    12.573266    -1.7602415    1.1348246    6.0741343
   1.2520005   -1.4363103   -6.87969     -6.6441226   -0.7073468
   1.2072251    2.4065778    2.1917322    2.8225214    4.13952
  -0.35611472   3.513389     3.8518252    6.7582245   -3.0428522
   5.6477523    1.7090499   -0.6633103    1.5023986    7.3679757
  -0.50514156  -2.551384    -6.0257335   -0.2412987   -2.027283
   3.8060248    0.6930153    3.7384496   -8.687333     1.626043
  -1.0776656   -0.17884758  -2.4994197    4.4343853    2.9726496
   2.679993     0.90045524   0.09101724   4.602556     0.2220645
  -3.0995612    0.29735243   1.0708044    3.9506514   -0.2605027
   1.5403394    0.13419576   0.20420657  -0.19344959   5.584728  ]","[-2.4404962   2.293111    4.4490213   4.390658    0.3666095   4.559628
  3.4646192  -2.7040741   1.2344643   0.94803095  3.610323    1.1631962
  4.575115   -0.4066747  -0.7179889   1.6000867   1.9618552   1.110963
 -1.8744311  -1.1974627   4.1711397   5.9034986   2.3046274  -4.0530806
  0.54429895  0.14391539  2.1019025  -1.5087128   0.9601491  -0.4504628
  2.2962434  -1.5859904   2.8553784   3.1632183  -3.1510508   1.3248452
  0.61036056  0.46036863  1.3651491  -2.2574723   1.6499808   0.04632473
 -0.9140153  -1.6627808  -4.2672973   3.3075364   7.648051    1.334889
  0.9444187  -2.468975   -0.52035236  2.8410826  -1.3735007   0.33448565
  1.4095979   1.7602897   0.75881064  1.1557097   2.223459   -2.5382497
 -2.0673306  -3.8272514   5.0024676  -1.9254771  -2.05597    -1.3151841
 -0.43937847  0.8920165  -0.20083784  0.27833924 -4.465231    0.16970275
 -2.0303116   5.467167   -1.1426328  -3.934568   -2.8392339  -4.305546
 -1.991313   -1.839236   -0.8617364  -0.03681943  1.141206    0.3242137
 -0.8904734   0.2426399  -3.1360571  -4.1899214  -1.3393774  -2.0789773
 -1.119921    3.611102    0.5660071   4.010398    2.3932142  -2.1742675
  1.0593249   3.193756    0.06504952 -0.41260782]","[-2.7982554   0.53636765  0.74226785  1.4394952   1.4262922  -3.2366006
  0.06172417  1.579359    1.8784126  -2.5995078   1.6844468  -1.4328703
  0.23608315 -0.7131142   1.6933697   0.3449646   0.01655871 -2.061626
  1.069159   -1.5742027  -1.7323107   0.75257224  0.7681174  -1.814191
 -1.3378633  -0.61060214 -0.78668624 -3.2044253  -2.1895328   1.9510783
  1.153813   -0.27146885  2.0097685   0.0637663   1.095068    0.5414508
 -1.7480013   0.64352596 -0.8643109  -0.5696762   1.3396455   1.4635838
  0.28674555  2.3177054   2.8704283   1.0861825  -0.49144083  0.01434459
  1.465635    1.6908349  -0.95693505 -0.86808157 -0.22537014  1.9067163
 -2.0376108   0.8712413   0.9948923  -1.6585892  -0.36864683  1.3693131
  0.7949173   2.5662692  -0.37888488 -1.1188142   2.7059956   2.7788737
  1.3437458   0.5761918  -0.8336537   0.35818538 -0.60226786  2.8123543
 -1.0620315  -1.6513909   2.3322399   0.4659878  -0.15849441 -3.086288
  1.4303107  -3.2034829  -1.3746922   3.1611238  -2.4363735  -1.6502202
 -1.8636743   0.32091838  1.5662688  -0.41858238  1.0509696   2.8578157
 -1.1650847   2.2764454  -0.6284859   1.6333922   1.2927027   3.4020174
  0.27681434  0.15519013 -0.54324216  1.9374604 ]","[ 0.15791507  1.981402    1.7610469  -1.2182542   3.2484772  -4.3081713
 -0.34755465  1.7468997  -0.8933392  -1.6576812   1.8279781  -2.3910053
 -3.0444071  -2.3109105   0.3736957  -2.8988063  -0.10323385 -2.7579885
  0.40106753  1.911815    0.47299597  0.34623256  2.6911674  -1.1223862
  1.4083223  -0.78376174  1.0608006  -4.344572    0.54140073  4.0706987
 -0.98589885  3.0851028  -2.7056427  -0.57591355 -2.2514894   2.9936016
  0.7249322   1.1325698   1.812933   -0.8712297  -0.08117259  0.46030802
 -0.5139738  -3.3289187   1.5310087   1.7391783   1.7353103  -0.2654156
 -0.9356505   0.6027715  -1.4492443  -0.9373157   0.5145482   0.31011778
  0.8308652   0.20776348  2.6748805   0.8595346   0.07913358  1.8859173
  1.4153666   1.4400764  -1.3386782  -1.5803274   1.1455629   2.7654004
 -0.78341585  3.4902968  -0.08928728 -0.8660619   0.92374617  1.3718024
  2.0825105   0.02797318  2.5480373   0.38151884 -0.6524085  -1.6952827
  1.3425783  -0.65194726  0.6696611   0.7057489  -0.76594186 -0.6745899
  1.9531147   5.442407    0.2536869  -2.89132     0.5496263  -2.8605604
 -1.1382468   1.13207    -0.23198128  0.63917166  0.2191907   0.4806528
  0.5753458  -0.93958867  0.3749904   0.6267736 ]","[ 1.2563103e+00  9.1227716e-01 -2.1290531e+00  2.3611753e+00
 -1.5134993e+00 -3.4215111e-02 -2.5552204e+00  4.1240203e-01
 -5.6806743e-01  3.3269045e-01  1.1512098e+00  5.4045880e-01
  6.2178364e+00  2.2707023e-01  4.8570528e+00  2.6995256e+00
  1.6138476e+00  1.1250556e+00  8.4725815e-01  2.0895298e+00
  3.0292869e+00 -4.2917976e+00 -4.6548411e-01  7.5273198e-01
 -1.8659844e+00 -3.1867993e-01 -1.6519204e+00 -4.2561193e+00
 -1.8979771e+00 -2.7050692e-01  8.1121528e-01 -5.4277205e-01
  1.0594543e+00 -1.8343248e+00  5.8497292e-01 -8.2816738e-01
 -6.0727698e-01  4.5364757e+00 -1.1768415e+00 -1.3011235e+00
 -2.6843669e+00  2.0601001e+00 -7.5354278e-01  2.2036982e+00
 -6.4146256e-01  4.2528524e+00  4.2149630e-01  3.5952282e+00
 -1.9744973e+00  3.9443254e+00  3.5176218e+00  3.4485793e+00
  7.3838913e-01  2.3863311e+00  1.2814347e+00 -1.8742859e-01
 -1.1643450e+00  1.0674301e+00  1.6639664e+00  3.3858991e-01
 -5.7289891e+00 -2.8708103e+00  2.5505257e+00 -2.9590371e+00
 -2.6891148e+00  3.3661909e+00  5.7086217e-01 -8.2570696e-01
 -2.2603328e+00  5.9513021e+00  2.1405389e+00  3.5009341e+00
  1.1550598e+00 -3.0459561e+00 -8.7472034e-01 -7.0706522e-01
  1.8798099e+00  5.9908360e-01 -4.1229477e+00 -2.2199163e-01
  3.7903955e+00 -3.5709596e-01 -1.4342777e+00  5.9584475e-01
  7.7564597e-01  2.3821592e+00 -4.9830580e+00  1.0509652e+00
  1.9418744e+00 -1.9807109e+00  7.7890766e-01  1.7969742e+00
 -3.2481062e+00 -1.6267633e+00 -7.9864240e-01  3.4469886e+00
  2.0118332e+00  7.9985027e-04  1.8699535e+00 -6.5630466e-01]","[-2.270817   -0.37507024  0.18358378  1.0380548  -0.7466643   0.15198772
  0.87356174  0.1251988  -0.21471243  0.32890752  0.7553649  -0.24479786
 -0.54934245 -0.92827046  0.9381081  -0.6422889  -0.3743201   1.7405795
  2.3620634   1.2740654  -1.1650664  -1.1494583  -0.7297172   0.7114704
  0.00502641  0.01672607 -2.3757834  -0.56542796  0.38752484 -1.0141183
 -0.23857468  1.2902416   0.7108719   0.08761695 -1.0350567  -0.19475198
  0.11433217  0.98265743  0.69990253 -1.6844542  -0.47635713  0.20390198
 -2.1771688   0.29651874  0.56532794  0.86068     0.35003194 -0.26862273
  0.2569545   0.67614526  1.3798064   0.0219405  -0.45431763  1.1994193
 -0.728729    1.5553328  -0.8995014  -0.46172303  1.7543492   0.22607991
 -2.1280758  -0.47607678 -1.0620112  -0.952506   -1.1128747   1.4798892
 -1.6675429  -0.53320014  0.48968682 -0.12575677 -0.4950821   1.8504024
 -0.8030678   0.17205937 -0.15297878  0.64558405 -0.5636781   0.23683982
  0.32243142 -1.4887893  -0.8878909  -0.10828292 -0.3361363   1.1140293
 -0.5316599   1.988496   -0.8508404  -1.0911273   1.1012806   3.0638466
 -0.37762332  0.86592937 -1.5185744   0.36371252 -0.10620414  2.314727
  0.6906167  -0.06511898  0.3380149  -0.66682607]","[ -4.5683765   -2.0702834   -3.954495     0.5233015    4.717885
  -5.3863873    0.84204745   6.0226874    0.48917696   6.089974
  -1.4415969    1.8615371    2.2342556    1.8433844   -2.1231186
   0.9999404   -3.3266351    4.826576     1.3429044   -2.2246158
  -2.3148634   -5.3990054   -4.6726       1.740673     0.58723146
   1.7585698    0.84376734  -2.2279058    3.1101801  -13.789289
   0.75873774   2.1230638    3.441233    -0.84533      0.7314804
  -2.447179     0.9252367   -7.645279    -2.1205695    1.1193268
  -1.4992609    1.461138   -10.9384985   -2.2098937   -2.0305984
  -4.59331     -2.497246    10.933309    -1.5567011   -6.434271
   3.7913067    1.2837821   -4.0966215    1.4060609   -0.7281652
  -1.4422007   -0.37125733  -2.2697878   -0.64362615  -0.19587576
  -3.6739829   -0.3172052    0.8631437    3.0099206   -1.7879561
   1.4347838    0.21811515   0.7166227    5.573427     4.0248713
   7.829445    -6.836357     0.6919038    8.368504    -6.7768207
  -0.984055     4.5546165   -4.295907    -7.771486     4.15569
  -2.5532773    5.000791    12.657085     3.493319     6.666823
  -1.4173384   -5.66567      3.6810918    3.1065044    5.3854265
   1.9824892    1.1165205  -10.17914      2.1338608    0.8917865
   1.4673021   -4.6755314    2.2911267   -6.540174     4.1229424 ]","[ 3.3171029e+00 -3.5798699e-01 -9.0864491e-01 -3.1766951e+00
  2.8033755e+00 -3.3807075e-01 -2.9456496e+00  2.1508946e+00
  6.4015901e-01  1.5454198e-01  2.9854587e-01 -3.5094910e+00
 -3.8614933e+00 -5.3279772e+00 -1.9998038e-01  2.9132988e+00
 -4.3661448e-01 -7.9131341e-01  8.6589253e-01  1.8013350e+00
 -1.1739479e+00 -2.0650973e+00  1.9598254e+00 -1.5076555e+00
  1.8932676e+00 -1.9005440e+00  2.6661787e+00  2.7545411e-02
 -4.9644276e-01  7.5491434e-01 -7.5958204e-01  2.3147759e+00
 -3.7222521e+00 -2.1074424e+00  1.9243747e+00 -3.3010540e+00
  2.7197698e-01  8.9251196e-01  2.4497945e+00 -9.9842489e-02
  7.2319277e-02  2.8152964e+00  8.0108203e-02 -2.5774689e+00
  2.1401186e+00 -7.8019118e-01  4.2591600e+00 -1.0066078e+00
 -2.3210423e+00  1.9788432e-03  8.4566635e-01  6.1731678e-01
 -4.0018466e-01 -1.5694424e+00 -2.5371215e+00  1.3679497e+00
 -1.6864932e-01 -6.9072741e-01 -5.5585188e-01 -8.2210135e-01
  2.3981805e+00  1.8479322e+00 -3.2078496e-01 -2.2311552e+00
 -3.5540837e-01  2.3215446e+00  8.0273253e-01  8.1624530e-02
 -1.4361118e-01  8.3404285e-01  3.8619411e+00  5.7841611e+00
  8.2468319e-01 -2.8285849e+00 -1.1260660e+00  5.3772635e+00
 -9.4823855e-01 -3.4340286e+00  2.0351508e+00 -1.4510268e+00
 -1.3710616e+00 -3.8629121e-01  2.6359682e+00 -3.3615160e+00
 -3.1796527e+00 -2.3094804e+00 -2.2827990e+00 -1.1777946e-01
 -1.2862165e+00 -1.7820092e+00 -5.3418851e-01 -6.8355393e-01
 -1.1348703e+00  2.3757637e+00  3.2275224e+00  7.2719425e-01
  3.3599164e+00 -4.3423629e+00 -2.6854904e+00  7.3074174e-01]","[ 1.3505977   1.2650341  -1.5755036  -1.9604808  -0.52699924  2.2724242
  2.3533926  -0.42743286  1.3171448  -0.06213763 -1.2133588   1.1849533
  0.8883261  -1.2294328  -1.129451    2.3708034   2.7408884   0.62350756
  0.02434812  0.25389883 -1.0147477   0.43952036  2.5364504  -4.544778
  0.01389338  1.0013388   3.0620372   0.87916684 -1.474799   -0.03320752
 -1.6120605  -1.8804519  -1.4299538   0.17543533 -3.1188354   2.7674832
  1.3976942  -0.1605844   0.2951888   2.0398617   0.25677508 -0.6945324
  2.3916798   1.1496471  -0.10242502 -0.8733277   1.4280044  -0.92843676
 -0.31040463 -0.3324706   1.344164    1.3186349   1.8437332   1.9166297
 -0.21400067  1.4076388   0.9808951  -0.25413156  0.5153831  -1.664952
  1.4535236  -1.6865345   1.8578385  -0.01265094 -2.4178512   0.1869622
  0.84343326  1.1801041   0.07342312  0.89768964 -0.16944578 -1.1561973
 -0.18135643 -0.35765842  0.94148606  1.0536549   0.16207775  2.3127315
  0.6217029  -0.6810686  -0.47407025  0.99719363  0.516716   -0.21435663
 -0.8573415  -0.8203304   1.0035939  -0.8241558   0.0602807   1.1663206
  1.1161995   1.7785234  -0.08418301 -0.19756559 -3.2647636   2.2097943
 -0.51952034 -1.9670224   2.139155   -0.26168698]","[ 2.05971688e-01  1.45974576e+00  5.03752828e-01  6.02049157e-02
 -6.77292943e-01 -2.01008394e-01  5.52187204e-01  4.92328078e-01
 -2.52153218e-01  1.75240353e-01 -5.42335629e-01  6.33709252e-01
  1.25182486e+00  1.49446023e+00 -4.15884852e-01 -8.20160866e-01
  2.49827340e-01 -2.71384168e+00  7.47442767e-02 -2.23246232e-01
  1.15594840e+00 -5.01935124e-01 -1.34637260e+00 -5.98036826e-01
 -1.90818357e+00 -1.30766913e-01 -1.88646209e+00 -1.24770820e+00
 -1.12670982e+00 -4.38392013e-01 -3.22357357e-01  1.27908695e+00
  2.93744504e-01  1.07446814e+00 -3.44968200e-01  1.07993126e+00
  2.26393655e-01  8.11810970e-01 -9.56106335e-02  2.79664844e-02
 -1.29757571e+00  2.74475813e+00 -5.68255447e-02 -5.34763813e-01
 -1.65792775e+00  9.82013643e-01  4.07500297e-01 -1.98904872e+00
  7.14989960e-01 -3.30096036e-01  1.06200504e+00 -8.28950346e-01
 -2.21366286e+00 -4.30390865e-01 -2.11690068e-01 -6.03442118e-02
  1.55918539e+00  1.65118739e-01 -4.87799376e-01 -4.36070114e-01
  1.07663798e+00  1.93476588e-01  2.15212202e+00 -6.51494414e-02
  1.43301591e-01  1.55526602e+00  6.69091403e-01  7.38525033e-01
 -2.10945122e-02  1.23794985e+00 -1.39597464e+00  1.73373763e-02
 -3.31891388e-01 -5.28514028e-01 -5.05520403e-01 -9.23571289e-02
 -1.97899435e-03  4.75215644e-01 -7.68248260e-01 -2.32868120e-01
  1.13382034e-01  1.60027891e-01 -1.49674511e+00  7.19548464e-01
 -8.67337920e-03 -1.20847523e+00  1.10020351e+00  3.22165191e-02
  7.64189720e-01 -1.70398355e-02 -4.89998646e-02 -1.57787669e+00
 -6.28180563e-01 -1.30229330e+00 -7.36788213e-01  3.25517267e-01
 -1.01645899e+00 -5.74671090e-01  4.22949761e-01  6.82814240e-01]","[ 0.03726026 -1.9052604   1.6998395  -1.4877342  -0.09554213 -3.9264305
  2.4589367   2.0901375   0.22066215  0.00981855  2.0486932   1.6354562
 -0.8917229   1.329305   -3.034586   -0.48673928 -1.1441658   1.4264238
 -1.6500639  -3.3782115  -3.2581923   1.1266105   0.54208493  0.08068784
  0.40810144 -2.237892    2.31041    -1.457089    2.6331956   1.0734904
 -2.9752076   1.7806154   0.10425062 -5.565714   -1.4217432   1.6030176
 -0.39136165  1.0228684   4.076476    3.1801164   0.10860634 -1.6389432
  0.64368695 -0.9842185  -1.4018613  -3.9355068  -1.2060279  -1.5063497
  0.53111327 -0.3697915   0.64622015 -3.1159885   1.3646034   0.83497
 -1.0288483  -0.06432623 -2.784532   -0.39056313 -1.1725173  -1.0993842
  0.18846413  1.9934231  -1.3462186   1.8925148   0.6696347  -0.6212414
  2.0749965   3.7639706   0.8911131   1.606871   -2.2021976   2.9483492
  1.7851514  -2.0106516  -3.2767863   1.6917176  -1.6737715  -1.0785403
 -0.23401912 -4.0850234  -0.9604403   1.9765779  -1.5883214   1.8917371
  0.3700974   3.0458784  -1.4973127  -1.6511055  -1.4703658  -1.2745599
  2.3834398   0.9438104   2.8298814   1.783498    0.36727348  0.4078964
 -1.401192   -2.0577955  -1.52268     1.0608999 ]","[ 0.6770139   0.6672749   0.6926073  -2.1531754   2.7768147   1.1530263
  1.0827378   1.9169843   2.0923517   1.81459    -0.33130065 -0.8367013
 -0.25061405  0.87819546  0.55509394 -0.2554662   0.43977806 -1.9007337
 -0.22810522 -1.3792291   1.4241092   0.57467353 -1.3488243  -3.3889716
 -1.6224833  -1.2770972  -2.2467513  -0.17856932  2.0178301  -1.6776727
  2.4631405   3.2639484   0.06887993  0.0579282   2.2780273   1.1687635
  2.344753   -1.0793229  -0.5258009   0.6236533   1.6135049  -1.2512523
  1.0073436  -0.7738838  -0.57662165  1.340434   -0.80391836 -0.6123262
 -1.9043113  -1.4798694  -0.47975934 -1.2552445  -0.28061283  0.9071054
  1.9113103   2.0619419  -1.7006891  -2.0089715  -0.15727867 -0.64346814
 -0.4788635  -1.8299906   3.465879   -0.28145617 -1.5980483   1.0335596
  2.3317177  -0.16199273  1.9165908   0.51268184 -2.457438    0.63906586
  0.02269226 -0.14142969 -1.0287601  -4.8647423  -0.1789503   0.44166508
 -1.855204    0.257492    0.22247718 -1.0302405   1.8378341  -2.165065
  0.7078804   1.5278753   1.2611005  -0.42052478  0.84513825 -4.1534467
  3.1523347   2.0171158  -0.05260355  1.4991004  -0.14461227 -0.13483775
  0.61061746  1.8366278   0.11041751  3.895593  ]","[ 0.4632167  -2.9551883   0.42112526 -4.376468    2.3420725   0.05524501
  1.4017476  -2.6345537  -2.5431886  -2.2937403   1.3394759  -0.38594288
  0.3038405  -3.1882486  -2.10387     0.4311396   0.5818909  -0.772999
 -0.35135776  2.540889    0.26181108 -0.69894016 -3.558075   -0.30814216
  1.3918738  -2.7246668  -0.8232092   0.68004394  1.8278501   2.3070018
  4.998285    2.3639746   2.223721    0.2821369   0.04060626 -4.6995935
  1.503178    0.20046644 -0.83988786 -1.1968693  -0.31336704  0.08993426
  0.53381747  1.0665393  -1.3896493   1.3685484   2.9196835   4.8676777
 -0.71278596  3.3822422   0.6428497  -0.6240437  -4.1831937   0.04438829
  0.7284185   2.309459   -1.711203    3.135414   -2.028985   -3.785975
  3.4189532  -0.41026586 -0.2673972   2.5886726   2.7227554   1.6257752
  0.32106674 -4.5334234   0.35590687 -2.2964218  -1.9208244   4.6130376
  1.4317288  -2.262509    2.2436428  -3.2596607   1.3486905   3.0354571
  1.5359042   0.81079364  1.3937047   0.25024903 -0.06411092 -2.3260295
  1.3134675   2.5267684   0.36191157 -2.1691658   1.6141526   0.32049358
  1.5679239  -0.03066583 -2.0895278   2.5050774  -2.6176827  -3.1845217
  1.1833402   1.2226288   6.195671    1.0109205 ]","[ 0.28702348  0.45818973  0.12877831 -0.15704407  0.05783137  0.25222972
  0.04318602  0.4467292  -0.34136394  0.5093387  -0.26191783 -0.4678488
 -0.6374485  -0.07030892  0.05975538  0.30012935  0.1543532   0.17163989
  0.14470498 -0.29158238 -0.06936207 -0.12152583 -0.2737023  -0.28043646
  0.58912337 -0.32886404  0.60765564  0.06590015  0.5566653   0.23787977
 -0.083152    0.20456606 -0.42566836  0.24176094  0.09030035 -0.03394887
 -0.3629471  -0.42175737  0.24860452 -0.5323105   0.46992713 -0.34588245
 -0.6619242   0.37399846  0.31618714 -0.41427776 -0.04494344  0.32930627
 -0.44478232  0.32959354  0.02097987 -0.17572868  0.4944223   0.48986846
  0.3979894   0.57011575  0.09295046 -0.60651815  0.15473881  0.11843926
 -0.0422446   0.35295403 -0.53205305  0.36999884 -0.06561363  0.52402085
 -0.01192402 -0.5620901  -0.07874759  0.1617323   0.28259107  0.46276498
 -0.14119457  0.33519775  0.09034247  0.47398758 -0.00973523 -0.8431595
  0.65256715 -0.32559416 -0.3999857  -0.17637505 -0.6464168  -0.4626545
  0.5659572   0.22986294 -0.19607377 -0.12117035  0.6044732  -0.18529199
  0.83288133  0.1151633  -0.78266275  0.05206537 -0.15496    -0.01240423
  0.22901382  0.24744207 -0.03034976  0.20701224]","[-0.13979708  0.00204389  0.03985638  0.48281494 -0.27064174 -0.04273333
 -0.06957518  0.12042734 -0.11232936 -0.3310976   0.28275877 -0.30506837
  0.3929937   0.28351805  0.16543525  0.22506401 -0.22694004 -0.35530758
 -0.29041424 -0.3321523   0.23084149 -0.04977589  0.3367187  -0.24209885
 -0.05277928 -0.6846277  -0.5050935   0.00245739  0.13375922 -0.06161256
 -0.1130587   0.05100679  0.3369526  -0.02864553 -0.00399646 -0.0252116
 -0.12757483  0.795389    0.2004773   0.1258127  -0.17385626  0.24267091
  0.3107612   0.47373122 -0.2695407   0.66834223 -0.44745514 -0.39068326
  0.53643996 -0.15268365  0.18051372 -0.27935734 -0.20510398  0.28708357
 -0.34432578 -0.20587161  0.31085476 -0.17679681  0.08955908  0.46590644
 -0.39149714 -0.11505867  0.12180008 -0.19926046 -0.64277273 -0.03884887
 -0.08559141  0.17088026 -0.68677616  0.0258822  -0.4729739  -0.20720418
 -0.0964206   0.22428915 -0.0896055   0.16739939  0.05015275  0.04801644
 -0.27600735  0.24482864 -0.3906219  -0.04022746  0.15357499 -0.19877169
  0.18790905  0.17972995  0.7104424   0.13505702  0.39165595  0.13078243
 -0.03028687 -0.08258125 -0.3570838   0.12808762  0.15810168 -0.40659827
 -0.2965984  -0.2752192   0.21857119  0.22822398]","[-0.40466473  1.093066   -0.19426864  0.6489873  -1.1394811  -0.47525665
 -0.49198833  0.1012676   0.12500511 -1.8357084  -0.43695492 -0.80569315
  0.5921591  -0.18505237 -0.89393574 -0.78691053  0.4390703  -1.4590197
  0.91256964 -1.1561798  -0.07571081  1.0638965   0.07777755 -1.229386
 -1.208258   -0.0280581  -0.28986487 -0.3371762  -0.67350173  1.0295486
  1.1110364  -1.6721039   0.719346    0.7617575   0.1387182   1.8107548
  0.57199496  1.6730796   0.9121887  -1.3188386   0.54288995 -0.6521998
  0.27376497  1.5270314   1.0611928   0.33576187  0.18697521  0.03463769
  0.5071488  -0.08825222 -1.2145994  -0.8739178   0.11161599 -0.09031153
 -1.1037244   0.5028386   2.3286748   1.713642    1.142314    0.28798914
  0.21905114  0.21505845 -2.3425603   0.16052248  0.11095405 -1.5592687
  1.487191    0.2617207   0.8796339   0.6912322  -0.32011655  0.7718023
 -0.7980168   0.26587713  0.876251   -1.0660837   0.3974216  -0.9363631
  0.81463635 -0.71741253 -0.8839831  -0.7821588  -0.56377244  1.106695
  0.6800342  -1.4472538  -2.0230312  -0.12929003  0.5296879   2.0618033
 -0.43304163  0.7759768  -2.1712484   0.13471796 -0.5136614  -0.8604527
  0.09307013 -0.4401535   0.973893    0.45950907]","[-1.24321021e-01 -6.90190867e-02  1.02955021e-01 -7.93802887e-02
 -2.16323525e-01 -4.83539820e-01  1.79039478e-01  5.47085702e-01
 -3.10018152e-01 -1.56715453e-01 -9.52533782e-02 -2.68187463e-01
 -1.38558550e-02 -1.84854958e-02  2.57460207e-01  2.02888563e-01
 -5.49937002e-02 -2.63858158e-02 -1.20747246e-01 -2.77416408e-01
 -7.48956203e-02 -1.07639752e-01  3.43046151e-02 -2.77510226e-01
 -6.89088404e-02  4.84410077e-02 -3.91386122e-01 -8.50354880e-02
 -3.46164629e-02 -1.07017994e-01  1.41203299e-01  1.07567027e-01
  3.13044079e-02 -8.57492536e-02 -1.46924229e-02  1.14731334e-01
 -9.38827991e-02  2.01560045e-03 -3.87521088e-01 -2.71618098e-01
  1.57680497e-01 -6.07324354e-02 -3.75045538e-01 -1.11198008e-01
  2.76457131e-01 -9.27038433e-04  5.96271940e-02 -1.18871788e-02
  5.46336807e-02  4.92259443e-01  7.62957856e-02 -1.16233774e-01
 -3.83278518e-03 -5.85274100e-02  5.92859238e-02  1.01949200e-01
  1.20384067e-01  1.96101721e-02 -8.61161947e-02 -2.53632236e-02
  1.90701082e-01  3.38627212e-02 -8.89052376e-02  5.86723574e-02
 -5.45250833e-01  4.95595098e-01  1.95358042e-02  3.21595252e-01
 -3.06627959e-01  3.20003748e-01 -1.30180195e-01 -1.01090185e-01
  2.66812503e-01 -1.04793712e-01  2.76759416e-01  8.20974186e-02
 -1.98733509e-02 -2.30161399e-02 -4.81297284e-01  1.21820934e-01
 -9.02960673e-02  9.05011296e-02 -3.03745300e-01  1.72207087e-01
 -4.22407798e-02  4.98417765e-03 -1.93477660e-01 -3.88124026e-02
  5.17608635e-02  1.48602203e-01  1.90430537e-01 -1.95366039e-04
 -1.55380130e-01  2.14253351e-01  4.50188696e-01  2.33510017e-01
  3.27785537e-02  6.65418198e-03  3.78128402e-02  8.51104558e-02]","[-2.7176890e+00  3.2785079e+00  7.6244301e-01 -4.6677011e-01
 -1.8001574e+00 -2.1137576e+00  1.1224062e+00  6.3025746e+00
 -6.6921800e-01  1.3717045e+00 -4.3001312e-01 -2.3124127e+00
 -1.4348501e+00  8.0087376e-01  4.0714731e+00 -7.9159802e-01
 -6.1295567e+00 -1.3564694e+00 -8.3389521e-01 -2.2002525e+00
 -7.1108872e-01 -1.3698030e+00  3.9290425e-01 -1.1986140e+00
 -1.5501828e+00 -3.1251280e+00  9.1240454e-01  1.7607579e+00
 -2.4917635e-01 -1.6974772e+00  1.4185686e+00  9.0537322e-01
 -1.6653450e+00  2.5782839e-03 -5.8756107e-01  1.4883792e+00
 -6.3423997e-01  4.4285564e+00 -6.8205929e-01  9.8430979e-01
 -3.9276998e+00 -2.0517218e+00  3.4482131e+00  1.0792712e+00
  2.4196181e+00 -1.7028713e+00 -4.3584505e-01 -6.4518404e-01
 -6.8068720e-02  1.1227440e+00 -1.6042975e-01 -1.6476543e+00
  6.3019867e+00 -1.4623101e+00  1.6497257e+00 -1.5480235e+00
  8.7751842e-01 -4.3766275e-01 -5.7584643e-01 -1.3728411e-01
 -1.0932510e+00  2.7232995e+00 -5.3478074e+00 -1.1083502e+00
 -9.1194469e-01  1.8775589e+00  6.2737536e-01  2.2407453e+00
 -2.1212151e+00 -1.6773094e+00  3.6666918e+00  3.1102762e+00
  2.4694228e+00 -2.2989912e+00 -1.4602965e+00 -2.3076560e+00
 -9.8789197e-01 -5.6473522e+00  9.0009820e-01  2.1599398e+00
  1.8981115e+00 -5.0990582e-01  1.8137046e+00  3.1105669e+00
  2.1092069e+00 -1.4225522e+00 -1.3471183e+00 -2.2026865e+00
 -2.9176936e+00  5.9590226e-01  3.5208285e-01  4.7522392e+00
  4.9856048e+00 -6.4702874e-01  1.1794995e+00  1.1709850e+00
  2.0682134e-01  8.8047743e-01  1.9806491e+00 -7.3894405e-01]","[-0.6242857   1.0714577   1.0961668   0.7591539  -1.2878423  -0.58886576
  1.1120075  -0.16237827 -0.3573206   2.217086   -0.48999363 -0.34574485
  0.9501659   0.7712545   0.51378286 -1.6118813  -2.7896445   0.60337484
 -0.8422802  -1.4462975   0.42389977  0.2128348  -0.23403175 -2.0927134
 -2.6092477   2.3876338   0.007515   -0.9229545   0.44575614 -0.5748299
  1.9100943   1.0567492  -1.5242947  -0.13221265 -2.3663974  -0.05434573
  1.6612166   0.55050004  1.4013796  -1.6707082   0.09109158 -1.1119292
  1.0020655  -0.33118853  0.9058197  -0.49296266 -0.5907496  -0.4765912
  0.6945645  -0.62061924  0.99283534 -1.4649258   3.061937    0.19133699
 -1.2773418  -0.72826177  0.5176898   2.2061048   0.6541631  -0.9170447
  1.042114   -0.06573942 -1.5252551  -1.3863156  -0.45700595  1.640282
  1.6301247   1.7951216   0.58217955  2.1020994   0.71487874  0.89828885
  1.5296332  -0.65765095  1.686274   -2.193952    0.16251051 -1.53707
  0.80483973  1.5997244  -0.5259529  -0.47030234 -1.5398663   0.53699726
 -0.40355158 -0.86179036 -0.36917746  0.88174415  1.0968288   1.0247045
 -0.3599026  -0.11341568  0.25654215 -1.2598982  -1.6721866   0.83938015
  0.4156898  -0.36948213  3.231879   -0.99324477]","[-0.41120005  0.11038252 -0.42080024  0.4082078   0.5325178  -1.186432
  0.497896    1.3365337  -1.6226237   0.5083974   1.3340131  -0.32315394
 -0.12721314  0.20447215  0.10254919  0.21056366 -1.2005954  -0.6336199
 -0.5600867   0.1876961  -0.28561705  0.43887493  0.5681801   0.38252893
 -0.72686386 -0.5492363   0.04299784 -0.8772032   0.5385682  -0.13311712
 -0.31632927  0.5188308   0.43568334  0.4270137  -0.00798224  0.10396627
  0.49585104  0.5779477   1.4081478  -0.9657122  -0.89358014 -0.27914068
  0.42130044  1.7064676   1.4859004   0.33056617  0.09251433 -0.12415325
 -0.6899253   0.5457673  -0.48281848 -1.6013417   0.9566482  -0.63234484
 -0.23587048 -0.50385183  0.18504532 -0.33647683  0.8440231   0.06235753
 -0.6598458   0.7857031  -1.2470394  -1.7831703  -0.2949019   0.77731514
  0.88118094  1.5336361  -0.6991098   0.14552398  0.20251945  0.1335218
  0.19209279 -0.9363912  -0.9120383  -0.02073843 -0.49656835  1.262194
 -0.0344012   0.82684547  0.12442212  0.09774347  0.38625032  0.7181901
  0.27993873 -0.17762218 -1.3462791   0.57790005 -0.05785557  0.0609316
 -1.3783991   1.2281374   0.3874726  -0.63647217 -0.90047926 -0.19844212
  1.1910216   0.1927859   1.0690064  -0.18943107]","[-1.2048877   1.0936209  -0.86860317  0.1100297   1.0853113   0.7358544
 -0.07157369 -1.082432   -1.1700456  -0.44342986  0.58949083  0.9399301
 -0.36059365 -0.75000125  1.1710026   0.4032686  -0.19042753  0.484567
 -0.39261293 -2.3121548  -0.8575254  -1.2653646  -0.61150265  0.4263242
  1.0456665   0.5207265   0.1631571  -1.3160505  -0.574584   -0.99443066
  0.6843982  -0.64285755  1.2877194  -0.2239615   1.2532288   0.20558956
 -0.24736854 -0.7370182   1.4124404  -0.44956768  0.10557248  0.10296558
 -0.09571929  0.09092632  0.28025225 -0.75640106  0.51877105 -0.25117525
  0.33869776  0.9132089   0.06817073  0.05342006  0.35661995  0.28582314
 -0.41337496 -0.06279414  0.35967028 -0.19934082  0.42313713 -1.2938569
 -0.5756111   0.54332256 -1.5568804  -0.6156083  -0.08059138  0.02573964
  0.17222872  0.78004956 -1.2565285   0.6881434  -1.5760231  -2.112279
 -0.61089915  0.12653701 -0.17237419 -1.2855505  -0.2726974   0.6977141
 -0.4967956   1.1800326  -0.30103374 -0.4683925   1.3185288  -1.3218222
  0.22741947 -0.66674364 -1.176572    0.59370494 -1.3704612   0.27898768
 -0.09682917  0.29774463 -0.33447945 -0.16849579 -0.6876337  -0.42254806
  1.1012847   1.2968023   1.1093153   0.31390595]","[ 1.6377255   1.042676    0.24512921 -1.1115623  -2.9837728   1.1907103
 -0.82808954 -0.68770784  2.5024781  -1.2098392  -0.17899579 -1.6749861
 -0.17871496 -1.4703438  -1.0519598  -0.6572478   0.13500175 -2.499325
 -0.5338678  -0.5452019   2.5447977   0.10955917 -1.4151582  -2.848064
 -0.9069709   0.31444106 -0.24070874  0.5713766   0.8034343  -2.095486
 -0.18022063  0.8413446  -0.7750754  -0.8958844  -1.5325987   1.4968735
 -0.6253029  -0.9989889  -0.6272151  -0.20030756  0.9194681   0.54289454
 -2.8177578  -0.3724628   1.3324591  -0.08882312 -1.1362247   0.92453974
 -0.29073024 -0.36825374 -0.1876792  -1.8560624   1.198095   -0.6110762
 -1.6144829  -1.2970601   1.4935231   0.7583195   1.2068238   0.6423159
 -0.15642926  0.20316732 -1.3644184  -0.12122901 -0.6189426  -0.32665354
 -2.2615843   1.1976194   1.4927814   2.186414    2.3662982   0.6074318
  2.0636606  -2.3628287   2.9696255   0.29122016  0.42370042 -0.534184
 -0.46409518  0.31267482 -0.9058379   0.12827708 -1.8065488   0.8110119
 -0.6507065  -0.92468834 -1.7605267  -0.10805257  1.2242992   1.44433
  2.0348177  -0.91472054 -1.5219418  -1.3429705  -0.9926558   2.390973
  1.1988392   0.6090087   0.87004066  1.1297845 ]","[ 0.41133183  1.0224983  -0.11588549 -0.67495006 -0.2567405   0.13728467
  0.2379414   0.6153531  -0.04331871 -0.40956882 -0.7244798  -1.0548021
 -0.43730476  0.34382597  0.19892563 -0.10328703  0.5125      0.32500914
 -0.12970644 -1.1704348  -0.03574205  0.20410846 -0.44513044  0.43029806
 -0.2431642  -0.21399541 -0.45337605  0.30481598 -0.12262177  0.03589637
  0.78971386 -0.8800035  -0.11074348 -0.2103081  -0.4845481   0.34929827
 -0.6700801  -0.8390441  -0.93243915 -0.6296256  -0.18850209 -0.7577876
 -0.26463556 -0.0116473   0.16662303 -0.20709537 -0.02719986 -0.5362738
  0.29577935 -0.32525325  0.5453774  -0.47700518 -0.1333636   0.22430448
 -0.40263563  0.37398708 -0.01551201 -0.4624891   0.22325362  0.3069916
  0.5545681  -0.37215963  0.7489141   0.10665105  0.01811165 -0.2052355
  0.28284994 -0.50339556 -0.5211116   0.8565064   0.15404606 -0.01372905
  0.6208265  -0.12038308  0.12612666  0.28994933 -0.6052302  -0.33589783
 -0.6262196   0.1852789   0.77320963 -0.30859742 -0.03112924  0.5860685
  0.08390826 -0.33204028 -0.03864845  0.46425834  1.0003301  -0.29873174
 -0.10284155 -0.20367971  0.3776186   0.40643263  0.09297135  0.7132421
 -0.07845048 -0.71808815  0.26997948 -0.22822674]","[ 0.07162763  2.3338284  -1.3766427  -0.63227916 -0.00643684  0.27202344
  0.69335014  1.1114806  -0.2526968  -0.44808012 -1.074724    0.3563475
  0.53611046  0.3810064   1.6620533  -0.521881   -0.04438149  0.10573879
  0.02793843 -2.2084565   0.83437943  0.65720826 -1.0801561   0.08643381
 -0.71465003 -0.962485    1.4850485  -0.35125533 -0.79602695 -0.4397679
  0.07115399  0.01647934 -0.39884636 -0.9719563  -0.1579639   0.41984546
 -0.6581756  -1.1862608   1.9032562  -1.8380445  -0.36457586 -1.9747673
 -0.85792786 -0.11518324  0.7442955   0.78128636 -1.2157924  -0.71825033
  1.201627   -1.8907193   2.428437   -1.8710945   0.183995    0.037119
  0.77108264 -0.07273852  1.247332   -1.3235135   0.8430346   1.3172423
 -0.14280964 -1.9309255   0.342344   -1.0093138   0.12153883  0.51254714
  0.63268995  0.6590705   0.62261385  1.0392952  -0.8081071  -0.26308775
 -0.5135428   1.1440743  -0.89924157  0.01857978  0.65780646 -0.34202838
  0.26641104  0.09619206 -0.1624785  -1.090044    1.3789786   0.844891
 -0.15747176 -2.6169188  -1.4193895   1.4177557   0.81347644 -0.4358905
 -0.6563208   0.4903153   0.7267541  -1.0693719   1.3157183   0.6820244
  1.038269    0.30182892  0.8387515  -1.7140634 ]","[ 1.68502226e-01 -7.05686212e-01 -2.22212434e-01  2.40893528e-01
  8.50810289e-01 -1.04768194e-01  5.12844145e-01  9.84228671e-01
 -2.95960307e-01 -1.37365311e-01 -2.44156849e-02 -4.56766397e-01
  3.96250039e-01 -4.27283853e-01  1.03215620e-01 -6.50655031e-01
  3.76792639e-01 -1.48414150e-01 -7.25843489e-01 -6.83186412e-01
  6.09857023e-01  1.28428209e+00  2.67396659e-01  7.35757351e-01
  1.66856840e-01 -5.09144783e-01  2.48100802e-01  2.88084865e-01
 -1.22647122e-01  4.29089479e-02 -8.36341083e-03 -4.11103815e-01
  7.89951608e-02 -4.42177296e-01  2.83973204e-04 -1.96585115e-02
  8.33790243e-01 -7.51672536e-02  2.91738093e-01 -5.04275858e-01
 -7.85680413e-02 -5.09381533e-01  6.33335412e-01 -4.18914318e-01
  6.05710924e-01 -5.26343942e-01  2.81481951e-01  2.57441938e-01
 -1.35199115e-01 -1.63625758e-02  2.40386307e-01 -5.18231392e-01
 -2.85135865e-01 -1.00387350e-01  2.76277602e-01 -2.03278601e-01
  1.32869883e-02  2.69153744e-01  1.70462087e-01 -2.11966485e-01
  8.30443874e-02  3.85839403e-01 -7.96561912e-02  1.27719685e-01
 -5.00872314e-01  6.66810989e-01 -4.63633865e-01 -2.50314802e-01
 -2.37788901e-01 -6.14632189e-01  3.22575003e-01  1.18366897e+00
 -1.36216238e-01  1.44676678e-02  1.60004169e-01  4.43145901e-01
 -7.50966072e-02  5.60939491e-01  8.76462609e-02  7.22059384e-02
  5.48632145e-01 -5.52953541e-01 -1.28786787e-02  7.13194013e-01
  5.79333246e-01  1.37764469e-01 -2.19834045e-01  3.59970599e-01
  2.54118908e-02 -6.09478951e-01 -4.34663087e-01 -3.51828873e-01
 -4.79113311e-01 -2.57795602e-02 -7.43227005e-01 -8.36585522e-01
  4.71334100e-01 -1.64674431e-01  1.77632302e-01  3.37342083e-01]","[-0.7454586  -0.15969126  0.01587907 -0.04370756 -0.14737564  0.5339513
  0.23824672  0.72882754 -0.55159056 -0.24460372 -0.5613513   0.7031893
  0.5609214  -0.7294406  -0.47454837 -0.10259093  0.41815314 -0.44026208
 -0.04254733 -0.4508697  -0.2636659  -1.1508192  -0.39840457  0.5229685
 -0.18318346 -1.1274769  -0.38503873 -0.06212512 -0.72247314 -0.32034332
 -0.0588588   0.28582704 -0.32654387 -0.40480828 -0.04164916  0.6560049
  0.23687199  0.3084172   0.44620547 -0.15045795  0.28687054 -0.06160489
 -0.31736782  0.85626197 -0.36475146  0.0070475   0.38981512  0.13516407
 -0.55190057  0.09694391 -0.42633542  0.30014664  0.680957    0.34474227
 -0.44129056  0.48131633  0.68592775 -0.17092702  0.08126299  0.10998798
  0.05612576  0.13996668 -0.39340284  0.8540694   0.31763196  0.52955264
  0.19782312 -0.18486515 -0.32027617 -0.07711034  1.2432053   0.370442
  0.9040824  -0.06853229  1.2102631  -0.2598305  -0.3162023   0.98647034
  0.7052822  -0.15415867  0.04144783 -0.23524147 -0.49361858  0.83619535
 -0.11909562 -1.0607708  -0.10453057  0.5478738   0.26132432  0.37654427
  0.36802435  0.50189793  0.3227753   0.18836167  0.37888485  0.90952367
 -0.9079718   0.17130555 -0.24364331 -0.23355833]","[-0.25823575  0.6793333   0.59468216  0.45715347 -0.54344255 -1.1090391
  0.2701981   1.5081329  -0.6335899  -0.85779667 -0.30457616 -0.9994236
  0.17315175  0.34833398  1.0708594  -0.12194148 -1.0246571  -0.6610645
 -0.16272265 -0.31353888  0.07263777 -0.02788821  0.45607033 -0.9303612
 -0.26657042 -0.34809244 -0.9265442  -0.4986771   0.00570358 -0.6691759
  0.36170268 -0.46520936  0.32932675  0.06351364 -0.08704566  0.50366235
 -0.01615974  0.6197956   0.14319931 -0.53536797  0.70464694 -0.3815321
 -0.391459    0.5388488   0.31447574  0.284208   -0.70438653  0.02546857
  0.16583753  0.3951863   0.00442561 -0.08463401  0.14437121 -0.31403267
  0.56041867 -0.6459875   0.78099585 -0.19258362 -0.5769836   0.04828621
  0.10228503  1.0308136  -0.6102662   0.28848857 -0.7982924   0.5140685
  0.18333219  0.8789913  -0.20595612  0.11076213 -0.41767162 -0.48466092
  0.7718257  -0.9164591   0.38092956  0.5653149   0.251053   -0.2223451
 -0.58139116 -0.3266369  -0.11291151 -0.09721086 -0.20029008  0.9226917
  0.22488834  0.16547687 -0.04184574  0.41183183 -0.17345402  0.08028056
  0.4382615   0.26662895  0.11220963  0.3398151   0.42231786  0.729482
  0.21299633  0.6905394  -0.33476022 -0.45261684]","[-1.102599    2.1096048  -2.321275    0.07847777 -1.428627   -2.236798
 -0.9094056   1.8636835   3.9364343   0.7244297  -0.17815234 -2.8106976
  1.1511555   0.06540161 -0.5411384  -0.15333939 -0.2615029  -1.779188
  0.68925345 -0.684356    1.2006679  -1.1003778  -2.175238   -2.5750685
  1.234028   -1.5958333   0.5392946   4.6168857  -1.9026752  -2.3405597
  0.03563394  1.0745256   1.4987719  -1.8726729  -1.1467571   2.557404
  1.031943    1.7434386  -1.2302761   1.4803339  -1.1054088  -0.5266234
 -0.933807    0.03617539  0.5916279  -1.7384254  -1.2621971   1.7181395
  1.0712317   1.4777485   0.73317724 -0.09776195  2.3910525  -0.21170114
  0.3372787  -1.6331486   1.8227504  -1.5882392   4.3589497   0.88215023
 -0.6767331  -1.8999336  -2.1291451  -0.4174336  -5.145333    0.6974133
 -1.3942546   3.2274559   0.31353778 -0.51563936 -1.1356568   1.1888163
  3.663553    0.8657685   0.8961542  -4.258628   -0.5061319   2.8733575
  0.5519764  -0.14310828 -2.900498   -1.7044954   0.39846674  0.30398497
  0.98410857 -2.978411   -3.1562784  -3.67271     2.4063861   2.0892642
 -2.5941727   2.259158   -3.0943968  -1.0459983  -0.04560683 -1.1966261
  1.5031617   0.8865898   0.7699309   1.5731745 ]","[ 1.6679616e-01  6.3446259e-01 -6.0495317e-01 -3.0183804e-01
 -1.9135083e-01 -5.7656127e-01 -1.1568859e-01 -3.8112271e-01
 -8.9747816e-02  3.9348197e-01 -8.1400716e-01  2.1476878e-01
 -4.9113560e-01  6.4380580e-01  1.7636706e-01 -7.0807707e-01
  9.0873510e-02  2.1710175e-01  1.6123078e+00 -1.5476720e+00
  9.9468380e-01  8.6239558e-01  5.1968497e-01 -1.2562860e+00
  1.0684335e+00  6.1311540e-03 -5.4081893e-01  8.0428615e-02
 -5.6182039e-01 -2.3879191e-01 -4.6209788e-01 -7.7278167e-02
 -2.1351238e-01 -3.2572292e-02  9.8042130e-01  4.0706998e-01
 -2.5015989e-01 -3.3657959e-01  7.4227262e-01  4.3588057e-01
  1.0935813e+00  7.0666713e-01 -2.1920333e+00 -4.3230772e-01
  5.6100011e-01 -1.9526143e+00  2.5191802e-01  1.5208415e+00
  2.6793903e-01  1.1606424e+00 -6.3235152e-01 -8.2785964e-01
  1.5176457e-01  4.4553629e-03 -1.4884397e+00  1.3949557e-01
 -4.4103393e-01 -1.0105726e+00  6.7051357e-01 -1.2934561e+00
 -1.3272798e-01 -5.6954092e-01 -8.2038116e-01 -6.0303044e-01
  9.6893199e-02  2.4261464e-01 -1.4675926e+00  3.5213438e-01
 -5.4347432e-01 -1.5883099e+00 -2.5662515e-01  1.0692663e+00
  1.6095952e+00  3.7373787e-01 -3.7602991e-01  3.6671755e-01
 -6.4012361e-01  5.2250063e-01  2.6550943e-01  1.0581062e+00
  2.5813821e-01  8.6897142e-02 -1.0501088e+00  1.4951452e+00
 -4.6910009e-01 -5.5579305e-01 -1.3870742e-03 -4.1402772e-01
 -1.6562925e-01  2.7048162e-01 -1.6006483e+00 -6.8864894e-01
  3.6948201e-01 -2.1308844e+00  1.2367991e+00 -6.9339889e-01
  7.9064250e-01  1.0498142e+00 -4.1654837e-01  1.4496198e-01]","[-1.125263    1.6288668   0.6601598  -1.2643795  -0.37655228 -0.39901716
 -0.22813694  0.9429247   0.6125192  -0.05550076 -0.09694274 -1.2623632
 -0.42654768  0.13451123  0.97677934 -0.0735851  -0.5551639   0.45957834
  0.17478363 -1.3135052  -0.15612797 -0.8824034   0.13853061 -0.60643405
 -0.6293593  -1.1798264  -1.1068329   0.5083728  -0.82260615 -0.5363861
  0.15961011  2.4324265   0.43807918  0.6079173   0.9827076   0.89093786
 -0.6858305   0.29912847 -1.1055164   0.00410172 -0.36488137 -1.035062
 -0.6459493   1.5764024   0.19891582 -0.06226176 -0.9955772  -0.45393685
  1.2034359  -0.5476587   0.504097    0.80730045 -0.8257954   0.59716296
 -1.2631755  -0.88307375 -0.32576773 -1.324839   -0.7223919  -0.20151968
 -0.8036131  -0.7081915  -1.1825949  -0.2704208   0.7466175   0.8735847
  1.5351256   0.7799397   0.18795659  0.25840318 -0.7800481  -1.3827142
  1.8024535   0.18685472  0.7406902  -1.1686695  -0.4183683  -0.44322264
  0.11006758 -0.19102362 -1.4048334  -2.3489442  -1.6476763   2.1504314
 -0.04415468 -0.60829854  2.265228   -1.8059596   0.2631358   0.92408496
 -0.09275501  0.4715184  -1.2212727   0.7881495   0.90084326 -0.11454327
  0.71655065  0.38065723  1.9245613   1.2130616 ]","[ 0.7675046   0.13697375  0.11594728  0.02140026  0.00638834  0.24690281
  0.5069841   0.8912014   0.02285227 -0.46870863  0.21860188 -0.570489
  0.16076447  0.32736123 -0.22794364 -0.1839815   0.11551215 -0.04247352
 -0.4040921  -0.08116418 -0.0394316   0.14618762  0.5708475  -0.5370093
 -0.12501056  0.30303904  0.06345704  0.28905278  0.17849338  0.46678677
 -0.24957968  0.4840709   0.15327272  0.1957307  -0.8754891   0.59090996
 -0.18783194 -0.7706586  -0.5135733  -0.79976255  0.4841728   0.6236947
 -0.9087181  -0.2777399  -0.33828166  0.15264016  0.3669968  -0.7392453
  0.01572205  0.2501075   0.69825715 -0.6934522   0.01855019  0.06889909
  0.04933104 -0.2698615  -0.15540682  0.30187702 -0.5821706  -0.40020788
 -0.7369063  -0.01337235  0.02604271 -0.32770067 -0.716631    1.122725
 -0.02989342  0.41122591 -0.31804273  0.40983588 -0.16549912  0.47117186
 -0.35784173 -0.057871   -0.23064204  1.0909421   0.629371   -0.4366006
 -0.22428522 -0.6408193  -0.6653942   0.02694124 -0.87583774  0.00839197
 -1.0685389  -0.04956566  0.06116649 -0.66107243  0.00819138 -0.11188722
 -0.19281045  0.15004805 -0.01784728  0.17296968  0.04662034  0.3593314
  0.39784107  0.7606374  -0.931993    0.33098033]","[-2.7353399  -0.75641924  1.061621   -1.3538487   0.38730636 -1.7309802
  0.9736148  -0.01122174 -0.6362167  -0.83961713 -0.82553077  0.9539198
 -1.5251461   0.5745211   0.44833213  0.3680091  -0.8014878  -1.269984
 -1.1227794   0.584367   -0.47976637 -2.3837998   0.01463416  0.4503153
 -0.6489124   0.7050568   1.1557716  -1.0333072  -1.74856    -1.3098323
  0.83426106  1.57616    -0.5836756   0.32866612  0.40464133  0.77802175
  1.8550346  -2.6669834  -1.3823879   0.10477847 -0.4042589   0.41588283
  1.5493557   1.2165142  -1.2551249  -0.29125002 -1.5328944   0.33464283
  1.2265244  -0.32182503  1.0541422  -0.30709067 -0.42170584 -1.4479299
 -0.6567093  -1.1254781   1.107663    0.84662294 -0.6636362   0.81916356
  1.3000633   1.7882046  -0.17684925 -0.5304616   0.6487523   1.1693954
  1.6105839  -0.72183037  1.0411417  -0.3343835   0.570013    0.94730294
  2.172715    0.89269054  1.2374103  -0.2134721   0.9378466  -0.37363765
 -0.6636146   0.34426478  0.52042615 -0.30381078  0.95593256  1.2515874
  2.1029322   0.8509678   2.2655032  -0.67560077  0.60001355 -1.1514909
 -0.6878648   1.6878412  -0.043472    1.0091136   0.19093119  1.2092961
 -1.2377485  -1.4041654   2.2332604   2.0672843 ]","[ 0.25794724 -0.00628959  0.6029238   0.2760578  -0.51039004 -0.35052007
 -0.00990331  0.05629854 -0.14222737 -0.18019399 -0.06818745 -0.05643863
 -0.45922908 -0.5348358   0.26597223  0.21948813  0.29353815  0.1115834
  0.21077861  0.20450765 -0.15717652 -0.33467355  0.32648903  0.30037144
  0.3017955   0.05464457 -0.26961866  0.34881178 -0.12253288 -0.24361567
  0.01103419  0.3265366   0.04729243  0.3661974   0.01476495  0.6847885
 -0.06362871 -0.23440565  0.09543116  0.09362574 -0.06809702  0.02905072
 -0.44814605 -0.27237803  0.03502055  0.10557429  0.1686194  -0.09756638
  0.16802213 -0.05688646 -0.20227298 -0.02814392  0.0339712   0.17140885
 -0.12402233  0.16556703  0.01139294  0.33111888  0.12479831 -0.09721588
  0.05289268 -0.58231235  0.10833807 -0.11794831 -0.35420495  0.1537594
 -0.3821688  -0.41606736  0.00326647  0.24746054 -0.36154222  0.2526678
 -0.02595355 -0.00336794  0.22263147  0.28160045 -0.2468827   0.18401258
 -0.35099128  0.59423304  0.5046103  -0.27987245  0.24559441  0.4031734
 -0.05599171 -0.2899956   0.14801657 -0.1653766   0.2868344   0.28261414
  0.05735685 -0.04342201 -0.46291044  0.20451131  0.34968892 -0.2311036
 -0.04373967 -0.08096944  0.01467319  0.01331455]","[-0.73483473 -0.28148517 -0.1413929   0.34326953 -1.6442388   0.22681598
 -1.4258795   0.4496207   0.10801113  1.6518557  -0.52955675  0.4147291
  0.35099584 -0.49283203  2.0509388   0.18051265  1.3111004   0.05616684
  0.52759254 -0.05545553 -0.5465338   0.5906964  -0.8323002   0.77386117
 -0.25673655  0.6319129  -0.5857042   0.4433275  -0.43523732 -1.1497804
  0.25005898  1.6493121  -0.21658063 -0.6446864  -0.19187744 -0.22394261
 -0.1696754  -1.0729957  -1.0682545  -1.210744    0.22135125 -0.25108108
  1.1433369   0.8694566  -0.408286    1.4928944  -1.2648962   1.7126528
 -0.71441233 -0.28426147  0.4254586   0.04788071 -1.3231704   1.3713566
  0.3474986  -1.2357756   1.1594056   0.5915696  -0.27817854 -1.5657448
  1.4387115   0.13529262 -0.2287913   0.15716742 -1.2781621   0.6208618
 -0.01393186  0.75252444 -0.4281922   1.2453468   0.06648594 -0.79059535
 -2.0214546   1.2169527   0.5181963   0.07424168 -0.19475329 -0.66829276
  0.99775743 -0.46503612  0.59215677 -0.15378302 -0.46892062 -1.2044866
  1.0324358  -1.1237278   0.98285925  0.51312816  1.2485381   0.6314181
  0.18287458 -0.77885526  0.762057    0.6317752   0.21420106  0.8055108
  0.35357314 -0.3547395  -0.71448964  0.4909696 ]","[-0.20578213 -0.23346521 -0.14195819  0.19963795  1.8660911   0.60770595
  0.5094757   1.4036585   1.0489937  -1.5622543   0.49879202  0.44912186
 -2.0574582  -0.5876797   0.41479135 -0.897559   -0.49590057  0.4501807
 -0.23466553 -0.24773718 -0.46195516  3.144829    0.36196768  0.10074906
 -0.06362671  0.6434983  -1.0801165  -0.2671272  -0.5810477   0.03528738
 -0.50164384  0.00468294  0.34153032  0.24679637 -1.9589154   0.5644766
  0.11251707  0.22251612 -1.0978794  -0.98977596  2.4347725   0.71980894
  1.0787534   1.1173079   0.6414623  -0.7399622  -0.17256981 -0.9462601
  1.2087076   0.04234226 -1.5881524  -0.5469116   0.08274848 -0.47416246
 -1.3037013  -1.7279745  -1.2591186  -0.6941225  -0.12220155  0.60487926
  0.5984568   0.5589077  -0.9996503   0.3775476   0.8558388  -0.76372653
  1.052088    0.77873313  0.6921628  -0.09739631  0.99004966  0.82895565
  0.9369914   0.30988747  1.0256417   1.1117797   0.76857597 -0.89914125
  0.6779803  -1.9004112   0.05108908 -1.054791   -1.8467902   0.24627252
 -0.652704   -0.57830524  1.1925988  -0.790895    0.04798001 -0.7761513
 -0.43936864  0.16404292  0.07332682  0.682728   -0.09445782 -0.68485236
  1.1954881   0.67642504 -0.01148043  0.85481215]","[-1.2451651   0.07610264 -0.16704035 -0.04003895  0.23693806 -1.4989027
  1.0620916   1.9513398  -1.4673713  -0.9295048  -0.53639555 -0.02117136
 -2.684127   -0.5894775  -0.01460178  0.24425703 -0.02491343  0.6786046
 -0.25962046 -0.89635766 -0.4243975  -0.44871712  0.4228166  -0.50342476
  0.670661   -0.5974102   0.8340192  -0.6798737   1.2878246  -0.76718545
 -0.18568026  0.9563957  -0.7718314   0.0738358  -0.6257932  -0.5987691
 -0.44032618 -0.15707509 -1.7293085   0.25803715  0.15940903 -0.7068694
 -0.3634191   0.01226177  0.8003332   0.20242222 -1.1162914   0.11821159
  0.03785933  1.0213116   0.53519034 -0.8092482   1.0572921   0.2238218
  0.9497829  -0.05818397  0.4230004   0.40045986 -0.4211398   1.3654443
  0.406468    0.26026595 -1.3863539   0.5430414  -0.6427743   1.398087
  1.195737   -0.07659549 -1.4162257  -0.26674718 -0.12830125  0.24997284
 -0.4967049   0.5326127   0.5712084  -1.6787149   0.23062527  0.18100907
 -0.2133311  -0.36139947 -0.7033839   0.88485384 -0.2150258   0.6867574
 -1.454357    1.2817287  -0.29602307 -2.4057302   0.3007648  -0.8176847
 -0.36513972  2.1574326   0.3217084   0.79094666  0.43104643  0.34611392
  0.4271251  -0.14817081  0.3521873   0.35500944]","[ 0.20892134  3.3667352   2.3323529   1.9672114   2.3375037   2.4420724
  0.04386947  1.777692   -1.7653143  -0.9729055  -1.0321958   0.5204647
 -0.4189107   1.9154549   2.7459347   1.4966022  -3.3023784  -1.3018801
 -2.951939   -2.8590958   1.7523184   1.0886908   2.925595    3.3707247
 -1.2933947   1.3315306  -3.4636505  -2.376665   -0.87966394  5.8267684
 -1.0119324   2.407801    0.2350371   0.53182197  1.691602    1.2990052
 -2.0111983   3.201399    0.23515683 -1.9764477   0.23484193 -1.7923188
  0.5938168   2.672038    0.03830004  0.8962354  -1.7257129   0.2799107
 -0.72676915 -0.6325178   1.8759869  -4.0856113  -1.7282882  -0.4026928
 -2.2375994   2.4225874   1.5214117  -2.645461    0.20584904 -0.82696337
 -1.5226958   0.97715545  0.91828203 -1.4751936  -1.4582863  -0.21482432
  1.1177671   1.913234   -2.629371    2.5300734  -2.3015459  -1.0797744
 -0.5626341   0.9998698  -0.80397123  0.887381    2.4042392  -2.8781848
 -0.4438289  -3.0510783  -1.5346491   0.04705063  1.6885402   1.859315
 -2.9535646  -0.17886117  1.4221294  -3.477625    0.01825736  2.2393336
 -0.896936    0.5541335  -0.00799972 -2.5562048   3.1764586  -3.8535118
  2.3910067  -1.8180826   3.9892852   0.96345794]","[ 1.3366824   1.2917346   2.5530646   2.0046642   0.23270285 -1.3925964
  0.27698606 -2.7587156   2.732041    1.0341718   2.8028967   3.6148932
 -0.39549053  0.6251291  -3.537775   -0.6687691   1.2736259   0.19014055
 -1.3021297   3.024481    0.2790232   0.7101978   3.1936584  -0.5518741
  0.14522012  0.91253644 -2.1546786   0.7109495  -0.57837087 -0.2849418
  0.09762247  1.2848814   1.1101005  -1.3262509  -2.148027   -1.7666382
  0.34393656 -1.158876   -0.02628168  5.0094833  -0.47693375  2.2900853
  0.810874   -0.5583196  -0.6390991  -1.4237102   1.8257408   0.01802428
  4.9381356  -0.19071867  0.66974235  0.18056038 -2.7494228   1.9124309
 -0.99590236 -3.5009367   2.6325064   3.2707841   2.867644   -0.3580565
  0.22570756  0.28754282  3.5040681  -0.07333335 -2.712277    1.5510955
  2.9988415   4.1132874  -4.8271623   2.7597804  -3.024185    0.09756842
 -1.3820792   0.6658395   0.01994396  0.28923514 -2.5129862  -0.23588122
 -1.0166581   2.2758865  -2.6293123   1.283892    0.6289583   2.580577
  2.8450382  -1.039185    1.6770676  -2.383152   -0.07299753  1.5440606
 -4.7920995   4.1351085  -1.2500235   1.2844735  -0.15102062 -2.024282
 -0.3126558  -1.9792006   2.7563665   2.2041323 ]","[ 0.86975765 -0.5279429   0.4204379  -0.03343385  1.2275953   0.93142194
 -0.6534734  -1.4222214   0.09381923 -2.2422433   1.2092777   1.674766
  1.0776967  -0.86485684 -1.7886102  -1.0451463   0.9106224   1.4646708
  0.8961082  -1.4378718   2.1151483   2.5809085   4.1905193   3.8304386
 -0.322567   -1.7663726   2.0183182   2.0855649  -2.4551334  -0.22843535
  0.12708017  0.68903345 -0.05325237 -2.3861709   1.4482158   1.5691547
 -2.8368998   0.8595918  -1.4859463   2.4398189  -4.231016   -2.616749
  4.121407    0.798392    0.38529524 -1.249015    1.8589125   3.901055
  0.5520184  -0.08925692  1.1781272  -1.9231713  -1.6132382   0.3432362
 -1.0607725   3.0290694  -0.5188768  -0.54748136  0.59557885 -2.3347373
  1.7456722  -1.4553407   2.01941    -1.8162972  -0.69843304 -0.264246
  1.5500085  -1.0567437  -1.0604663   0.3303745  -1.4438753  -0.94538033
 -0.73907787  1.5879169   1.7233429   2.332707    2.6285994   2.1350825
 -1.6013589  -1.5372678   1.8845137  -3.1662881   0.04321095  0.13174686
  3.852005   -0.66110915  3.646068   -0.44597194 -0.40699986  0.9355903
  0.22265743  0.0689254   1.1772403   0.7701854  -3.2209508  -4.2536654
  1.8640151  -4.1815877   1.3254946   1.7933273 ]","[-5.9838265e-02  4.5990467e-01  6.8182796e-01 -2.5449875e-01
 -3.8060164e-01 -7.3424417e-01  1.3839436e+00  3.1859076e-01
  1.0769409e-01  3.4010631e-01 -1.3926963e+00 -1.0416067e+00
 -1.3285712e+00 -1.3711522e+00  1.5683442e+00 -1.2245058e+00
 -3.1487837e+00 -1.5298524e+00 -4.6432924e-01 -8.0664462e-01
 -2.2945303e-01  1.2576225e+00 -9.7343278e-01 -2.3890246e-02
  1.4137457e-01  2.3433240e-01 -2.0382881e+00 -3.6445782e-02
  7.6677269e-01  3.2424179e-01  6.1351216e-01  6.8806553e-01
  2.2339115e-01  8.4222806e-01  1.8823572e-03 -1.2536074e+00
  4.9788976e-01  4.2562479e-01  9.3866837e-01 -6.5066092e-02
  1.4316561e+00 -3.2468539e-02 -2.6615354e-01  2.0497270e+00
  3.5013556e-01  1.3979593e-01 -5.1500005e-01  1.5436819e+00
  2.8093615e+00 -1.7847721e-01 -8.8578892e-01 -2.8029576e-01
 -6.8313992e-01  3.7556425e-01 -1.6803577e+00 -8.7358207e-01
 -1.1100613e+00  1.4203972e-01  4.7034007e-01  5.6166146e-03
  1.7236689e-01  2.3663746e-02  7.2761375e-01 -1.4663074e+00
 -1.5063047e+00  1.1667717e+00  1.6910070e+00  1.2024695e+00
 -2.7548192e+00  2.5593528e-01 -4.5650190e-01  1.0788707e+00
 -9.9425077e-01  3.4933409e-01 -1.4985656e+00  1.8812242e+00
  8.6262941e-01 -1.3301662e+00  6.2761441e-02 -5.7383281e-01
  3.0007297e-01  3.9250648e-01  4.8515555e-03  4.6784288e-01
  8.7153256e-02 -2.7875836e+00  8.2873654e-01 -1.2858738e+00
 -5.2993363e-01  9.2521620e-01  3.0514520e-01  1.3332120e+00
 -1.8445069e-01  2.3230438e+00 -5.5170244e-01 -1.3436711e+00
  9.3175286e-01  3.1707376e-02  1.3313879e+00 -6.7287683e-02]","[ 4.0917769e-01  4.7067669e-01  1.1665878e+00 -1.0619127e+00
  1.8954253e+00 -6.6131276e-01  8.2418031e-01  1.6498812e+00
 -1.5853120e+00 -1.4663436e+00 -1.5973045e+00 -5.6803167e-01
 -8.5527837e-01 -1.5262494e+00  5.1781583e-01  7.9805297e-01
  1.2218660e+00 -1.9096543e+00  2.7884066e-01  2.1362846e+00
  2.4309847e+00  2.1712763e+00  1.0377560e+00  1.2102100e+00
  2.5342815e+00  8.9907360e-01  1.1696520e+00 -6.8454295e-01
 -6.6929895e-01  4.7332960e-01  2.2044861e-01 -1.6102506e+00
  1.6195908e+00 -1.0057534e+00 -1.3945963e+00 -1.0681005e+00
  6.5045565e-02 -1.0949807e+00  2.0655670e+00 -3.5477614e-01
 -1.5518577e+00 -1.8009448e-03  1.2421864e+00  1.2324557e+00
 -1.3596672e-01  1.4888674e+00 -5.9313232e-01 -9.2179435e-01
  9.3857884e-01  1.0940933e+00 -4.4226423e-01 -6.0756266e-01
  6.0081971e-01  5.8792986e-02 -2.9385883e-01  1.0092311e-01
 -2.1840510e+00  6.1934346e-01  1.2704034e+00 -1.8503916e+00
  2.4145145e+00  2.4612283e-02  1.3637036e+00  3.2282509e-02
  1.9184378e+00 -5.8512968e-01 -2.2803526e-01 -1.8272042e+00
  7.0793235e-01  1.2807822e+00  1.6585517e-01  1.7859914e+00
  3.0752677e-01 -1.0255139e+00 -8.9666420e-01 -6.9232988e-01
 -1.6838396e+00  8.0377024e-01  2.0502913e+00  9.3249732e-01
  1.0739205e+00 -1.6201042e+00 -2.5726870e-01 -1.1541829e+00
  1.4827739e+00 -1.4664049e-01  7.3593581e-01  1.3532336e+00
 -6.3206911e-01  4.7818556e-01  3.0719909e-01  5.8643633e-01
 -1.2799566e+00 -9.1199929e-01 -1.3079655e+00 -2.9455521e+00
  1.3094045e+00  1.5516524e+00  8.0618823e-01 -4.2123440e-01]","[-0.28420243  0.81910926 -1.9612979   0.8410935   1.2616235  -2.339976
  1.4718252   0.9230299  -2.1387775  -1.2114644   0.6337782  -2.022211
 -1.883085    0.24551906 -0.0525272  -0.8324633  -0.4186917  -1.3972543
  1.9322087  -0.9994665   1.8062596   0.75126845  1.8173882   1.4330028
  0.7523063  -0.85196644 -3.144554   -1.6782106  -0.8415104   0.24434185
 -0.6102037  -0.53374517  2.1150913  -1.0596957   0.8143937   1.1338849
 -0.34252933 -0.61257434  0.9515746  -2.5906804   0.25426608 -0.9968685
  0.60035926  1.3004009   0.78050214  0.7324225  -0.7739177   0.10387329
  2.31824     0.07432339 -1.169558   -3.5783205  -1.28752    -0.37888393
  0.97333866  0.08755018  1.9600003  -1.5386463  -0.14575984  2.0530472
  0.55861485  0.92182523 -0.3492454  -0.49745658 -0.48298162  0.25965765
  0.12400489  3.2248323  -0.980131   -0.50173694 -0.91369796  1.7928222
 -0.00481487  0.02634448 -0.22169471 -0.022276   -0.08767211  0.38416654
  2.1664557  -0.69807243 -0.71150464  1.9148715  -0.17492482  2.8345306
  0.07326119  0.07250379  2.4977436  -0.04451481  1.7248299  -0.91856354
  1.117142    0.3924008   1.4005654   1.0133115   0.9527879   1.0966035
 -0.38868564 -1.2556378  -0.6633484   1.933326  ]","[-0.36843354  0.26931703 -0.17985654 -0.06325927  0.4883513   0.7870316
  0.5615231  -0.11050746  0.4822216  -0.1326935   1.0797613   0.86083996
  0.4542015  -0.43709242  0.13209352  0.20359711  0.04820349  0.19722344
  0.2997184   0.7364166  -0.34091112 -0.12892571 -0.13109328  0.7181415
 -0.51533216 -0.24574974 -0.28689387  0.2890139  -0.35252106 -0.20205027
 -0.08692883  0.05283225 -0.64640325  0.35757774  0.07891975  0.17777947
 -0.943616    0.17132615  0.2132916   0.16389227 -0.0908081   0.42779818
 -0.17671002 -0.13653001 -0.7895527   0.26579213  0.3747575  -0.02193069
 -0.5502754  -0.0612713  -0.44707945  0.05202858  0.60896814  0.42079595
  0.14496823  0.47503066 -0.0188889   0.94048357  0.04331474  0.43356997
 -0.49383274 -0.56411266 -0.50301886 -1.1522723   0.20326036 -0.32172453
 -0.07895573 -0.511576    0.2583938   0.2825525   0.4171944  -0.30601573
 -0.44893372  1.0509267  -0.25862783 -0.17233072 -0.27181503 -0.35442775
  0.17998387 -0.15851808  0.33183086  0.34852964  0.06024637 -0.30652556
  0.2857596   0.28487778 -0.03279838 -0.11839846  0.25263682 -0.2193853
 -0.5667931  -0.15687841 -0.00905421  0.56361324 -0.3218819   0.27457368
 -0.40776506 -0.20380127 -0.50614375 -0.34404555]","[-1.0794607   2.3247354   3.3885765   0.46099338  1.9325899   1.4769162
  2.1427655   7.4543138  -1.1001418  -0.11820762 -3.5537262   3.755878
 -1.7796779   0.79992414 -1.4715251  -1.4767841  -2.1035974   0.5286744
  2.3484864  -1.6475396   2.9254391   1.2717808   0.50225514  1.0472125
 -0.30325085 -5.074977   -0.26827908  0.8678895   0.9943793   6.442337
  1.3874073  -0.11973163 -4.549121    3.2555368   3.0407712   1.00164
  1.5161535  -0.46357962  4.131617   -1.8850623   3.7434099  -1.1667747
  1.2917143  -0.7002703  -0.8390516   2.547703   -2.5641816  -2.6382508
 -2.842483    2.3588014   3.6676934  -1.7127616  -2.0932407   0.42331523
 -3.3939424   7.352684    0.7501668   1.6746451  -0.07249623  0.3213261
 -4.2188764   0.598119    0.19450468  2.147409   -2.7400289  -4.14471
  5.3272796  -1.673204    1.2119267   4.308125   -0.5174382  -0.4015878
 -2.60791     0.3160596  -1.2103965  -0.6514944   1.6189663  -1.8537432
 -0.7404026  -0.9724102  -0.03465211  0.5239612  -1.1132457  -0.8383189
 -1.2642877  -0.6599879  -0.9642435  -2.7793117   2.3267941   3.3304749
  2.9034536  -3.8109457  -2.643919   -0.10437555 -0.60320294 -2.0783613
  0.9652984  -1.0152339   1.3409663  -0.08083698]","[-1.1047764   1.9889674   0.5393637  -1.4491929   1.4595138   1.253662
  0.13129261  3.5758886  -0.7149567   3.5892742   0.44801995  2.175769
  0.42235097  0.0132086  -1.8231826  -0.90307206  0.17449628 -0.5058927
  0.8694488  -1.090391    0.5365681   0.6484697  -0.0247388  -0.30406067
  0.9641284  -4.857173   -0.8343434   1.7598463   0.8864821  -0.147148
  0.24086212 -0.87859994 -2.5749197  -0.20759286 -1.1414443   0.75412947
  0.5693538   1.0519125   2.93014    -2.9692154   1.2757115   0.4188992
  0.9902833  -0.6739321  -0.8625188  -1.8694993  -1.0584521   0.0436047
 -2.5163555   2.9743357   2.9509933  -1.6598666   1.656485    2.0385942
 -1.3363371   3.7025425   2.0069091   1.6117325  -1.9294238  -0.23250517
 -3.0016391   0.4206955  -2.311666    0.04962032 -2.4963355  -1.3129175
 -0.45933294 -0.5814174   1.2817953   2.2939787  -0.9038225   0.8983831
 -3.4938262  -0.10757945 -0.49472603 -1.3838565   1.5149398   0.07209241
  0.22072907  0.08829672  0.5392206  -0.37388563 -2.3721433   2.1535206
 -0.03734373  1.0725727   1.0880245   0.01568011 -0.17074655  2.3926384
  3.2861555  -1.2447871  -2.5940223  -0.03924678  0.03560542 -0.8337859
  0.24641326  0.76028746  1.206471    1.9053369 ]","[-0.13379379  0.42874086  1.2151198   0.05956775  0.4591905   0.61361355
  0.60176635  0.8818874   0.87684965  0.7177109  -0.19534057  1.176435
 -0.935808    0.48893934  0.6481665  -0.3702211  -0.34366614 -0.26439813
  0.7087444  -0.40313828  0.74110293  0.01774719  1.1069174  -0.4408946
  0.6442423  -0.21758385  0.2067832   0.00433723 -0.33648667  0.4732541
  0.3605295   0.28526258 -1.6706069  -0.27147514 -0.77971697  0.6624968
  0.4401071  -0.07462535  0.79292464  0.32200414  0.56369215 -1.3195928
  0.19634347 -0.09682123 -0.73183984 -0.8916305  -0.7497608   0.29238716
 -0.61974084  0.4357882   0.13250093 -0.43488523  0.05883519  0.6425547
 -0.3430773   0.5948125  -0.06593957  0.50177604 -1.439692    1.0091978
 -0.38629276  0.66810435 -1.212512    0.18060483 -2.2282076   0.1143351
  1.1065234   0.27337012  0.61416554  0.34258536 -0.49614984  0.14549589
 -0.30321333  1.4888482  -0.4691453   0.80972254  0.0383109  -0.22207545
 -0.45734602 -1.0483004  -0.17557085 -0.3731237  -0.60614187  0.3415975
  0.43461338  0.5208074   0.36589807 -0.086745   -1.2606574  -0.88833266
  1.1790067  -0.06514403 -0.16869952 -1.0694382  -0.4632951  -0.9790794
 -0.8878305   1.446763   -0.13137841  0.74197644]","[-1.5485704  -0.74971974 -0.50068146 -0.23803912 -0.77695    -0.72738385
 -0.24353996  1.3407805  -0.9458233  -0.29504874 -1.5558425  -1.7657192
 -0.8343584  -0.34776118  1.4800222   0.75735515 -1.2196823  -1.1919551
  0.35306746 -1.3285129   0.6987041  -1.2295679   0.08136254 -0.9724612
 -2.3600163   1.0404242  -0.48251706  1.5128536   0.5256147  -0.8349331
  0.78047955  0.41719195 -0.45252714  0.9833881   0.02943374  1.049088
  0.78284943 -0.5068585  -0.6110584  -1.682591    1.1081876  -1.0515808
 -1.0193496   0.30179664  0.605579   -0.39442134 -0.81775     0.3626842
  1.2430152   0.80026174  0.95748913 -1.3519274  -0.25751552 -1.0833135
 -1.0507437   0.99211454  0.12200237 -1.0984836  -1.0233074   0.4109713
  1.60183     0.2853557  -0.13831098 -0.20168193  0.46190572 -0.08073724
 -0.22449343  1.1373934   0.38052982  0.9904723  -0.13535713 -0.54702204
 -0.07562229 -0.04789393  0.41911438  0.5974745  -0.14331916  0.37145132
 -0.07471184 -0.83637875 -0.7299067   0.58839273 -1.8697393   0.7813194
  1.1437378  -0.47840625  0.6250722   0.47494277 -0.33070704 -0.19992104
  0.5580844  -0.95885885  0.50051    -0.05582684  1.1773489   0.8014846
 -0.6635418  -0.7573204   0.59141314  0.6909985 ]","[-0.8511767  -0.4516523  -1.2352903  -0.6110659  -0.4669389   0.6463574
  0.7583233   0.9702594  -2.3384564  -0.8038877  -0.9667462   0.3908082
  1.7687634   0.7897542  -0.65316033 -0.35749692 -0.97187304  0.04980377
 -0.13825946 -0.66615266  0.11359601 -0.9058949   0.41273367  2.6010387
 -0.33546135  1.1129323  -1.0354452  -0.15340948  0.04590798  1.7886672
 -0.07689229  0.43257114  0.25762045 -0.18314539  0.22361316 -0.16988295
  0.4347665   1.0137986  -0.02981249 -1.1010739   0.38017473 -1.7340316
  0.42593664 -0.48413995 -0.33456835 -1.0227283  -0.13451104 -0.12881297
  0.29711512  0.24535233  0.95828557 -1.3164345   0.12945469  0.5637917
 -1.8525708   0.9704029   0.97322816 -0.32581395 -1.5027598   1.1347437
 -0.7046359  -0.520232   -0.22894096 -0.14160007 -0.99009436 -2.4570098
 -0.30301175  0.06688672 -0.357777   -0.14718361 -0.67854303 -0.5161834
 -0.03318216  1.100384    0.23239009  1.0171686   0.194661    1.409117
  0.22465508  0.36772588 -0.05958603 -0.05216376 -1.4261718   0.5644756
 -1.0384341  -0.88684016  0.6961392   0.76529354  0.269336   -1.0494626
  0.82087225 -1.0966123   0.3068741  -0.56032157 -0.42697558  0.15272668
  0.6445359  -0.82639533 -0.03869182 -1.2155474 ]","[-1.1158466  -0.4771498  -2.8805969   2.8136723   0.07053081  1.4307172
  0.7517614   3.4467638   0.81135845 -0.81903267  1.7118467   1.2778538
 -2.0811992   4.7640676   0.72255164 -2.330214   -2.5923114  -0.7448524
  0.64825916 -1.4314032   1.7331417   3.5780027   2.0378556   0.66713417
 -0.50178677 -1.3126875  -0.5324935   1.1740085  -0.98797584 -0.7094758
  1.807787    0.04437888 -0.3229606   1.3822787  -0.52013344  0.68971705
 -3.772623   -1.0033163  -2.4012232  -1.6586692   2.501979    0.51356405
  1.2256852   1.4015561   1.1892725   1.097322   -0.3311838   0.09570922
  0.20253795 -0.6871958   1.2745612  -2.885193    0.3611246  -1.4870011
  2.6337063   1.5383935   2.1548545  -1.0872198  -1.6779336   3.8220456
 -1.2356983  -0.65090054  0.2801371  -2.634116   -2.9472897   0.21397355
 -1.0313835   1.619046    1.4855026  -0.771357   -3.2490625   0.5699661
 -0.49906945  3.1411748  -0.33862746  0.92702717  0.26370367 -3.1503181
 -2.4759521  -1.4737221  -1.2568814   0.07851383 -0.6388068   1.3574579
 -0.25425175  0.13477916  4.3706512   1.2492505   1.7868842   0.12739237
  0.43620172  2.502184   -0.65816176  0.09873164  0.23946673  2.4878702
 -1.153141   -1.2511159  -1.6027077   0.06844904]","[-3.1403515e-01  2.1380553e-01 -1.6167829e+00 -1.0836345e+00
 -1.0648369e+00 -1.3045764e+00  2.4486206e+00  2.2150378e+00
 -4.8052526e-01 -2.7628621e-01 -1.2565763e+00 -4.0665561e-01
 -8.7695193e-01  6.3291460e-01  5.8260924e-01 -2.5332338e-01
  3.1413496e-01 -3.1769836e-01 -4.1832939e-01 -1.0063481e+00
 -5.7665426e-01 -1.2967957e+00  1.7184660e+00 -6.0020155e-01
 -4.2781168e-01 -1.6263616e+00 -1.9371437e+00  1.0871384e+00
  8.4871078e-01  1.0303879e+00  1.4515364e+00  6.6036585e-04
 -3.4445786e-01  1.8137983e+00  1.0306383e+00 -3.4053528e-01
  1.1671815e+00 -1.0970663e-01 -8.3989364e-01  3.5548300e-01
 -1.2036873e-01  1.6920792e-01  3.1894952e-01  4.3787390e-01
  7.4816495e-01 -3.9394924e-01 -5.3845435e-02  6.9749027e-01
  1.0196017e-01  1.0656580e+00  3.6088482e-01  6.2866402e-01
  1.1041380e+00 -6.4971000e-02  2.1738268e-02  1.0337207e+00
  4.5723405e-01 -1.4235275e+00  3.8192195e-01  5.3551042e-01
  5.9624755e-01  7.2518533e-01 -8.8664156e-01 -3.1939122e-01
 -2.5695685e-01 -2.3741868e-01  1.1795975e+00  1.3308834e+00
 -5.0873053e-01  7.5447583e-01  1.1741438e-01 -1.3857697e+00
  3.8406450e-01  1.2156774e+00  1.7591975e+00  2.9673940e-01
 -9.6139617e-02 -7.8318179e-01 -3.2846007e-01  1.4330828e+00
 -5.3895319e-01  1.9229975e+00  8.8763434e-01  1.0586587e+00
  3.6815128e-01  3.0595830e-01 -4.6852672e-01  2.2327588e-01
  3.9399067e-01  7.0959830e-01  1.7453389e+00  1.3502458e-01
 -9.6088660e-01  6.8098092e-01  7.0647389e-01  1.6692778e+00
 -7.3581141e-01  6.1670297e-01  8.8424593e-01 -6.9751245e-01]","[-0.38422093  0.36752295 -0.48086482  0.633669    0.42066938  0.35849014
  0.02118835 -0.75730276  0.17375036 -0.09997597 -0.01325556 -0.50266516
  0.45796105  0.07372253 -0.07877972  0.48618737 -0.01098383  0.15250437
 -0.47288412 -0.6152479   0.2544315  -0.00938943  0.27650738 -0.25747266
 -0.23276854 -0.4745492   0.6001666  -0.24270025  0.12131482 -0.29478332
  0.01084048 -0.4461023   0.14461277 -0.07878593 -0.39003474  0.2946031
  0.01070647  0.5880726  -0.5586748   1.2609327   0.1865082  -0.4934546
 -0.21859743  0.37439153 -0.06314468  0.21766572 -0.07403506 -0.3961898
  0.421742    0.16534446 -0.322978   -0.19000998 -0.12658699 -0.31975713
 -0.39595047  0.32387143 -1.0336547  -0.47529092  0.5026108   0.0442987
 -0.6650163  -0.504193    0.94170743 -0.6223503  -0.045304    0.00953905
  0.05729622 -0.26902074 -0.6449434   0.42303345 -0.7374668   0.22796156
 -0.3342794   0.7403438   0.1006681   0.17265432  0.5324208  -0.17821386
  0.39523742 -0.34397894 -0.36160195  0.3301425  -0.155978   -0.6479945
 -0.18718232 -0.57327205  0.20075002 -0.38221416 -0.06056713  0.13023795
 -0.53071046 -0.27414978  0.3233798  -0.00188265 -0.29214793 -0.5490525
  0.6452331   0.06562304 -0.281031   -0.1530743 ]","[ 0.07838245 -0.13578     0.21212003 -0.6976652  -0.15617786 -0.3644068
 -0.02044445  0.12400054 -0.61542493  0.01506719 -0.01725216 -0.34610996
  0.06398067  0.49082536  0.16093923  0.18917248 -0.04331071 -0.8689024
 -0.39874843 -0.23538196  0.38198477 -0.6920135   0.11275236  0.24489835
 -0.42427957 -0.13640428 -0.08964796 -0.07091245 -0.6330667   0.03343847
 -0.18780807  0.27798936 -0.33470413  0.5775458  -0.21211022  0.9382709
  0.33063018  0.04063841 -0.22010924 -0.43228185 -0.01017426 -0.66022515
 -0.03406497  0.4224272  -0.47529268 -0.2990363   0.25245515  0.4387184
  0.19474037  0.7935428  -0.0678705  -0.35185826  0.6026669  -0.41716734
  0.5816581   0.1824929  -0.80249244 -0.0111821  -0.43644333 -0.3185104
 -0.29262862  0.0949599   0.62687635 -0.66014683 -0.09182309  0.68661356
 -0.14484045 -0.74130845  0.03478658  0.00869036 -0.02284496  0.19901901
  0.9645598  -0.04093902  0.00394685 -0.21761769  0.05302909  0.07990626
 -0.20179802 -0.19895387  0.42340893 -0.08415546  0.09540967  0.58052856
  0.10671192  0.22839464 -0.34323043 -0.62975246 -0.12601991  0.22592336
  1.1115209  -0.07873517  0.5439164   0.12119552 -0.10700958  0.03656671
 -0.32496578  0.06908955 -0.53877735  0.22130409]","[-0.22028588  0.15259755 -0.50878364 -0.19031046 -0.23033984  0.3326897
  0.3341394  -0.6988964   0.2658718   0.27969068 -0.22162679 -0.14909843
 -0.53421694  0.56808513 -0.34342298  0.00951819 -0.23311228 -0.14761822
  0.13361755  0.15443963  0.24947788 -0.48419073  0.25309137 -0.18997568
  0.49916354 -0.258125   -1.4480506  -0.40192473  1.1423182  -0.28115433
 -0.1855017  -0.05629996 -0.63092786  0.43594757 -0.29944536 -0.57403535
 -0.69323564  0.49900028 -0.33810747 -0.22543988  0.62175745 -0.14712508
 -0.2640059   0.99996716 -0.10336319 -0.60903305  0.42550227  0.08748343
 -1.0840477   0.00624938 -0.35047624 -0.2353521  -0.17198776 -0.19090335
  0.69345176 -0.14410369  0.32981583 -0.5958247   0.52085805 -1.36906
 -0.5948903   0.6608778  -0.46414465 -0.24429493  0.08254369 -0.3993677
 -0.54517746 -0.1802464   0.37187544  0.21596162  0.45200488  0.64152354
 -0.27549776 -0.5984814   0.1502524   0.27184802  0.73951674  0.42483878
  0.03700172  0.30017215 -1.0676945   0.55997014 -0.24006517  0.0033057
 -1.4340504  -0.291229    0.4798757   0.5334353   0.5348207   0.38379076
  0.5921378  -0.8366116   0.47697967 -0.86489177  0.1763163  -0.57365626
 -0.6349131   0.0388803  -1.1125691   0.72597593]","[ 1.48888500e-02  1.23435104e+00  5.96199334e-01  2.60836124e-01
  7.31192112e-01 -5.59580266e-01  7.68696725e-01  1.95397508e+00
 -7.35279918e-01 -1.28307426e+00 -6.65152848e-01 -5.04000187e-01
 -3.49528760e-01 -3.46085161e-01  3.35766941e-01  4.38263416e-01
  7.53369451e-01 -1.96829051e-01  3.05172987e-02 -4.89078492e-01
  7.25686967e-01 -4.58931655e-01  5.56348413e-02  1.97049435e-02
  1.30014300e-01 -8.94159138e-01 -6.61556721e-01 -5.03080711e-03
  2.35368554e-02  1.13294750e-01  4.10519481e-01  2.83396035e-01
  7.81395376e-01  1.54947206e-01  2.99823612e-01  7.62798071e-01
  9.52316597e-02 -7.82917082e-01  2.00225264e-01 -6.82523521e-03
 -1.31393814e+00  1.31567645e+00  6.09751105e-01  7.09200919e-01
 -9.32473063e-01 -1.35718659e-01 -8.61890376e-01 -9.76987481e-02
 -9.24039543e-01  5.51182926e-01  7.07294345e-02 -2.76942849e-01
 -1.18001091e+00  9.02284503e-01  5.39972484e-01  1.13772541e-01
 -3.00755322e-01 -2.23445848e-01  2.79746830e-01  2.46890664e-01
 -6.55548394e-01  1.37080407e+00 -3.21606278e-01  5.36545694e-01
 -2.41865456e-01  5.57843029e-01  5.41738391e-01  4.77058232e-01
 -7.26656318e-01 -9.50397030e-02 -6.43976808e-01 -4.00403768e-01
 -9.63681281e-01  8.15490857e-02 -7.32887909e-02  6.45377159e-01
  6.99260056e-01  4.51360375e-01 -1.05960220e-01 -5.87538779e-01
  2.16859594e-01 -1.07663386e-01 -2.98227370e-01 -2.74196430e-03
 -6.64082110e-01  8.35956991e-01  2.49388024e-01 -2.34431669e-01
  9.07196343e-01 -6.47312760e-01  5.49620032e-01  3.13619316e-01
  5.84093034e-01  3.78855675e-01  7.61932373e-01 -4.62899421e-04
  1.60497665e+00 -5.42483032e-01 -9.29502308e-01 -8.95370901e-01]","[-1.2541078   0.8441755   0.19219522  2.184737    2.2404804  -1.3035322
 -0.6096912   2.155514   -0.36637598 -0.07507177  0.412212    0.04506442
 -0.19958717  0.16388814  0.5329554   0.7587799   0.24735248 -1.5407835
  1.4909861   0.253848    2.1814473   0.78305066  0.2802923   0.7372951
 -0.02960647 -0.13996293  0.6949759  -1.0631105  -1.0411448   0.4260067
  0.87440354 -1.5203791  -0.30220538 -1.2238464   0.01516783  1.9636108
  0.96882254 -0.86515754  0.996847   -0.7156545  -0.76300454  0.6117363
  1.7883793  -0.5263461  -0.46940944  1.1988702  -1.6875137   0.39555764
  0.87585765  2.5344665   0.5626157  -1.3910778  -0.04754863 -0.7073043
 -2.6643102   1.0280684  -0.26397958 -0.12249978 -1.0940275   1.081657
 -0.6223188   1.7014424  -2.313725   -2.0186222  -0.45909882 -0.16416533
  0.61831176 -2.9487915  -2.3184907   1.1788807  -1.5243244  -0.28220963
 -0.6633524  -0.59123385 -1.1676058   1.3548603   1.3103169   0.14961246
 -0.7984936   0.31368312 -1.0590104  -0.8037944  -0.5780864  -1.6666828
 -1.4391223  -0.28117153  0.56128174  1.3351251  -0.95564884  0.45885897
  0.48172092  1.2337438  -1.220439    0.36672047 -0.8345799   0.528723
  1.2893249   1.8252609  -1.5380697   1.2649579 ]","[ 5.13978660e-01 -4.23145443e-02  3.34196240e-01  4.76419106e-02
 -6.02999866e-01  5.55336356e-01 -1.53529152e-01  1.23964167e+00
 -1.51581204e+00  4.32250082e-01 -5.10829508e-01  1.69142243e-02
  9.22449887e-01 -1.17695220e-01  5.16924322e-01 -1.98406613e+00
 -6.84310615e-01 -4.03301984e-01 -6.13304675e-01 -7.24874020e-01
  1.07440341e+00 -1.60202652e-01  3.56983095e-01  9.81927812e-01
 -1.34410179e+00  1.15902610e-01 -1.54339993e+00 -1.21412106e-01
  2.96185732e-01 -2.53420621e-01 -1.21438392e-01  5.72177052e-01
 -1.44355619e+00  9.94406044e-01  7.70056844e-01  1.33960843e-01
 -5.84139287e-01 -2.12279007e-01  5.80572665e-01 -8.09379637e-01
  2.50119299e-01 -6.25478327e-01 -7.97817409e-02  8.98906648e-01
 -5.51910520e-01  1.04003203e+00  6.36404497e-04  3.97369593e-01
  8.06221366e-01  5.56820214e-01 -1.42950654e-01  9.34568107e-01
 -7.33878732e-01 -9.57201980e-03 -2.80877054e-01 -1.15757656e+00
 -2.99818546e-01  3.73098738e-02 -1.28910351e+00  4.66240823e-01
 -5.97401381e-01  1.25683975e+00  3.29911023e-01  8.30037817e-02
 -6.69986427e-01  7.21458912e-01 -6.07381225e-01  7.25565732e-01
 -4.44396913e-01  7.45462239e-01  5.15554488e-01  1.74420550e-01
  4.29102838e-01  2.40430251e-01 -4.34351146e-01  3.34365875e-03
 -9.89919245e-01  5.17521203e-01 -7.67030180e-01  5.81849776e-02
 -6.86881483e-01 -2.91657507e-01 -1.07321894e+00 -4.50797267e-02
 -4.61544663e-01 -3.29713896e-02  1.24142095e-01 -3.65531892e-01
  1.43175328e+00 -7.00724185e-01  1.16862428e+00 -3.22439611e-01
 -1.04847825e+00  7.00276017e-01 -6.89311981e-01  8.02322209e-01
 -3.91330034e-01  7.73219466e-02 -5.84716201e-01  1.56168163e+00]","[-1.077485    1.5957594  -0.6898637   0.38366613  0.53787076 -1.2068696
  1.6931443   2.338898   -4.1788464  -0.6604346  -2.0660555  -1.1959631
 -2.300492    0.60139024 -0.98827016 -1.1438456   1.6647915  -1.0604513
 -2.9098647  -3.1806242   1.549341    2.8956046  -0.11129176 -1.4608616
 -3.4786425  -1.5530783  -0.32757422 -0.9763633   0.667029    0.4235082
 -1.3769405   0.31738195 -2.3896873  -2.031701   -0.6313354  -1.002251
  0.35535356  4.9184966   2.5201292  -0.46662286  0.37939206  0.17483796
 -0.092518   -0.35079354 -1.625193    1.4731975  -2.4968443   2.34306
  2.6583273   4.5555425   1.684555   -2.687669   -1.3457459  -0.0676164
 -0.35317895  0.6026963  -0.8502121  -0.35133284 -2.0990188  -5.2205896
 -1.510078    1.5581123  -1.8598106  -0.937507   -1.0376987  -3.5106957
 -1.2604282  -1.6573001  -1.2803626  -1.2234455  -2.2478783   2.006097
 -0.54662037  0.20717025  0.7289384   2.4863598   3.6635957  -0.03283236
  1.9013177  -2.544585    1.7669308   0.94592184 -0.35248855  1.426933
 -2.0477378   0.4004314   1.645814    0.16732696 -0.01391875  1.1019925
  1.275932   -3.0706816   0.30990934 -1.5471423  -0.70860654 -1.7742558
 -2.6547956  -0.87076813 -1.8080043   1.1201118 ]","[ 0.3693365  -0.14718024  0.25340587  0.07036383  0.03808138 -0.3453195
  0.4621111   0.3340133   0.03873152 -0.14482611 -0.22862788 -0.18364894
  0.1612491   0.1021462  -0.28304103  0.3262771  -0.05049444 -0.24359602
 -0.08564194 -0.10997461 -0.02154277  0.2146596  -0.03322761 -0.10613277
 -0.32945037 -0.0556243   0.05495202  0.06740112  0.32110253 -0.24603796
 -0.06227041 -0.17322543  0.10883139 -0.35747403 -0.00188019  0.30012146
 -0.14415559  0.0029208  -0.17598578 -0.55958205  0.39290705 -0.33191842
 -0.5715074  -0.01486052  0.14262342 -0.1577179   0.19195195 -0.1257513
  0.08351776  0.40133044  0.12150148 -0.06329326  0.20662253  0.13476667
 -0.15645643  0.23677148  0.15615836  0.20868272 -0.04947916  0.03458535
  0.42690203 -0.06225272  0.07210352 -0.08086983 -0.753553    0.18961562
  0.11465615  0.42445517 -0.4643809   0.38438353 -0.07401731 -0.12799998
  0.05252307 -0.0053222   0.17045124  0.1810421  -0.0772046   0.15728062
 -0.29135683 -0.03771155 -0.14172648  0.0742772  -0.21067135  0.22306688
 -0.05112141 -0.3973545  -0.02054639  0.05513608  0.13633552 -0.1164074
  0.38076296  0.02055954  0.41995886  0.32410222  0.2045465   0.09168059
  0.23426834  0.09503932  0.02126253  0.4894696 ]","[ 0.05010196  0.9083245   0.11177244 -0.5833759  -1.865114   -0.88973874
 -0.5675795   1.5432476  -1.4085436   0.1506196  -0.8558495  -1.6626118
 -1.9316394   0.18862928  1.1153866  -1.3526303  -0.93877214 -0.7385628
 -1.1647664  -1.0495435   1.0674938   0.58420324 -0.9524336  -0.991107
 -0.6932765   0.04864609 -0.7453888  -1.7756145   1.201512    0.3395341
  0.26120743  0.20400439 -2.5060256  -0.55644757  0.40444857  1.1389287
  0.3195727   1.9560435   0.30890724 -1.7068882  -0.27038804  1.4288464
 -0.09645834 -1.1051064  -0.3930775  -1.4763659  -0.6798193   1.3657385
  0.06933931  0.20871173 -1.3210586  -0.8575767  -0.817724    0.3438737
 -0.27771476  0.14260569  0.9117185   0.33989403 -0.9092205   1.3554487
 -2.9607253   0.56580615 -0.3267741  -1.3553997  -1.219937    0.93552744
  0.8764413  -0.7206957   0.1379383  -0.6593379  -1.7680964   0.04159968
  0.05624231  0.39652294 -0.04602843  0.19963256 -0.8890833   0.40295643
 -0.11546004 -0.34032142  0.39702517 -1.351727   -1.281457    0.28388628
  0.94211257  0.4098333  -0.37578374  0.58677703  0.0701193  -0.23487209
  1.247482   -0.3158696   0.89515173  0.5311575  -0.61466837 -0.8114931
  1.9302001  -0.105384    0.8251161   0.05652081]","[ 1.2828759e+00  1.0837227e+00  4.9013906e+00  3.1967041e+00
 -7.1970191e+00  6.9987929e-01 -4.4532857e+00  2.3481641e+00
  1.3890963e+00 -7.4948454e-01  2.9342906e+00  2.5606212e-01
 -2.0800169e+00 -3.9405382e+00 -4.6031132e+00  5.8252335e-01
  4.9219098e+00  4.4314413e+00  2.2387376e+00 -2.5179245e+00
 -4.0594144e+00  6.2891640e-02 -2.2680438e+00 -9.2179662e-01
 -4.7085862e+00 -5.3475056e+00 -1.7384028e+00 -2.9260130e+00
  4.8574948e+00  1.1259698e+00 -1.9169904e+00  8.9564438e+00
  6.5580812e+00  2.3673384e+00 -2.2156860e-01  4.9585876e+00
 -7.5897211e-01  8.3211434e-01  2.8779521e+00 -3.3392510e+00
  2.4523532e+00 -6.1539040e+00  6.5119805e+00 -7.9891934e+00
 -3.8011527e+00 -7.8494554e+00 -2.7619927e+00  1.4192395e-01
 -2.9592919e+00  1.8823996e+00  3.2530432e+00 -2.7552960e+00
  2.2345443e+00  1.2076591e+00 -3.8361275e-01  1.3536918e+00
  6.9717002e-01 -1.7525136e+00  3.0549881e+00 -2.1389036e+00
 -2.6657043e+00  6.9188790e+00  7.8643672e-02  2.6110218e+00
  8.0883181e-01  1.1844598e+00  8.4892931e+00  3.2964432e-01
 -2.5544136e+00  4.3404522e+00  1.7607762e+00  7.5463667e+00
 -1.4339176e+00 -1.6154877e+00 -4.2579899e+00  3.4194663e+00
  6.9106805e-01 -3.0707939e+00 -2.1787555e+00 -2.2877743e+00
  7.1508807e-01  5.4028640e+00 -3.0942199e-01  1.5023229e+00
  6.1789231e+00  2.2652645e+00  3.2451475e+00  2.8683960e+00
  1.7632138e+00  2.2994246e+00 -2.1721735e+00 -1.8346325e+00
 -7.9377834e-04  1.0232881e+00  1.7103265e-01 -3.9272096e+00
 -1.7503452e+00  1.6037896e-01  9.8331374e-01 -1.9674026e+00]","[-0.06191751  0.88234144  0.2669634   1.1708608  -0.25265142 -0.23909043
  1.8090297   2.8588605  -0.8045767  -0.74696517 -0.7362528  -0.6913974
  0.9090608   0.7905712   0.54239345 -0.8247625  -1.7766432  -0.83472633
 -0.8129155  -1.0825142   0.00552013  0.16307926  0.7849561  -1.0356234
 -0.9587982  -0.37531242 -2.049871   -1.4747616   0.32233545  0.97010046
  1.2601556   0.03410903  0.34186888 -0.31380597 -0.92486125 -0.27542594
  0.3806982   0.12876035  0.2244281  -1.6774014   0.13975745  0.53595877
  1.2314085  -0.3036012   0.17370678  1.4826189   0.24350494  0.71039075
  0.21966557  1.0595787   0.15674827 -1.3167609  -1.3546817  -0.22630465
  0.6322115   0.9562749   0.6858893  -0.07868446 -0.50813204  1.8860223
 -1.5551286   0.20396401 -1.3135386  -1.0083854  -1.3613361   0.5044916
  0.6757624   0.03532863  0.08688128  0.39260608 -1.5704563  -0.9070786
 -0.99168473  0.7239351  -1.2219533   0.250277    0.82535106 -0.72227454
 -1.255385   -0.13534822  0.11212476  0.7019395  -1.4178932   0.4495752
  1.1448432  -0.8020482   0.870582    1.1674333   0.33102518  0.8878088
  0.62428546 -1.0159256   0.03819216  1.3355292   0.5761996   0.02201493
  0.6417436   1.2411592   1.1789637  -1.698729  ]","[-0.877444    0.6967402  -0.11012013 -0.37763986 -0.7266487  -0.8051169
  0.57246345  2.0149977  -1.102843   -0.14028682 -1.2451526  -0.26995897
 -0.6315411   1.1773701   0.2222733  -0.13265692 -1.7097232  -1.4996036
 -1.0225942  -1.7188519   1.367216    0.16934328  1.5583162  -0.79150254
 -1.876561   -1.095675   -1.438661   -1.43328    -0.09072012  0.97036797
  0.66366583 -0.02283918 -0.77314216 -1.3936222  -0.2582273  -0.8113435
  0.59128696  1.2669626   1.6339334   0.8460951  -0.8974435   0.07126862
  1.3886312  -0.8434114  -1.8703358   0.21026549 -0.45375192  0.43403757
  0.7071545   1.1924344   2.4508214   0.00801723 -0.31281164 -0.34166914
  1.4956986   2.0046499   1.9324894   0.3637282   0.14009616  0.99674976
 -2.415146    0.5821425  -1.6014388  -1.2618538  -2.9729166  -0.31919405
 -0.5317488   0.42001185 -0.02686462  1.0697496  -1.8434964  -0.91745025
  0.67822605 -0.42673835 -0.80540377 -1.4333574  -0.3236248  -0.7305063
 -0.9832554  -0.25381553 -0.9791025   1.2492296  -1.255215    1.4991313
  0.10302203  0.7180255  -0.9418229   1.5081084   0.9336683  -0.20825647
 -0.13019231 -1.4597651  -0.6515374  -0.9539371   1.1559093  -0.2943054
 -1.6304826  -0.13906936  2.528032   -0.8436344 ]","[-7.1881896e-01  1.6848509e+00 -2.2582236e-01 -1.1216863e+00
 -3.9586410e-01 -4.6423307e-01  2.2177911e+00  2.9775722e+00
 -3.5592117e+00  1.4355657e+00 -2.7649991e-02 -1.6365590e+00
  9.9721551e-01 -3.2229884e+00 -1.0593551e+00 -1.6055622e+00
 -3.2601964e+00 -2.0056136e+00  1.0312835e+00  1.1156608e+00
  7.1941394e-01  6.6386507e-04  7.7027524e-01 -1.0173203e+00
  8.5740060e-01  1.5047666e-01 -5.0702753e+00  8.6074799e-01
  1.9081525e+00  3.3871123e-01 -9.3107116e-01  5.4611117e-01
 -1.1109778e+00  1.7533084e+00  1.7148954e+00 -1.0897259e+00
 -1.0480822e+00  1.7538587e+00  1.2738158e+00  3.7118626e-01
  7.2598815e-01 -7.2772706e-01  1.4895267e+00  5.3746266e+00
  1.0186164e+00 -5.6697893e-01  6.0250062e-01 -5.6412047e-01
 -3.9999118e+00 -7.3373271e-03  1.9163694e+00  5.0177991e-01
  5.0079256e-01  7.5108886e-01  7.9923433e-01  2.5376245e-01
 -6.7296708e-01 -6.8764609e-01  4.0717669e+00 -1.2611320e+00
 -1.4817566e+00  1.9708349e+00 -1.6818275e+00 -2.2356848e-01
 -6.9164366e-01  3.6227901e+00  2.9021487e-01  1.7225471e-01
  2.6767862e-01  2.7735233e+00  3.8096538e-01  8.3365369e-01
  2.5297270e+00 -2.3274620e+00 -1.8624692e+00  3.9623815e-01
  1.7446501e+00  8.5133928e-01 -1.4995149e+00  2.3419297e-01
 -6.0784421e+00 -2.6604137e+00  3.1279414e+00  2.2887943e+00
 -8.5009120e-02 -2.3756847e+00 -1.8130859e+00  1.7306653e+00
  2.9904945e+00  2.4495153e+00  1.0288545e-01  9.9959892e-01
 -7.9208273e-01 -7.9475337e-01 -2.6113892e+00 -2.9521075e-01
  1.4784022e-01 -1.4897403e+00 -4.9388713e-01  1.4606142e+00]","[-0.57570106  0.2852605  -0.24132533  0.46487218  0.68391836 -0.74176407
  1.2135653   2.9918144  -2.6429608  -0.43134764  0.40437925 -2.6885376
 -1.5306357   1.16852     1.430601    0.0153748  -0.48583925 -1.3672016
 -2.5449762   0.17243639 -0.6649657   0.9467756  -1.7866336  -0.67984396
 -0.51525813 -0.02682597 -1.4798332  -0.5734585   0.44000974  0.7040683
  1.4503055  -0.695246   -0.6847552  -0.918375   -0.69048023 -1.9352775
  1.601768    1.1099066  -0.730889    0.22649366  0.08157886  1.2465819
  1.0539933  -1.2557238  -1.2647659   0.38996497 -0.7411671   0.5300904
  2.9488864  -0.42617407  1.1967763  -2.324905   -0.92017233 -1.2977079
 -0.9400283   0.3326376   0.40583295 -0.7122146  -1.4018463   0.7383804
  1.3866677   0.41498742 -0.47602782  0.92627794  0.00829228  2.142667
  1.7359776   0.7692669  -0.69665974 -1.6001576  -1.0971789   1.5725986
 -0.2090675  -0.23240562 -0.06277513 -1.6882508   0.99978834  0.826817
 -0.14775933 -2.4106402  -0.52027905  0.33172485 -1.2208232  -0.2933037
  0.8425067  -0.61934435  1.1290756   0.5725857   0.07928231  0.03701096
  1.312158   -0.06519879 -1.4014874   1.0413531  -0.26676884 -0.01403048
 -0.0369416   0.00616664  0.90770066  0.06466824]","[-0.4233056  -0.2648415  -0.35639825  0.20578243 -0.94447446 -0.27784404
  0.33170977  0.8200846  -0.73083    -0.5499128  -0.43350822 -0.69235265
  0.30353817  0.27415153  0.16677794 -0.00233718 -0.09065744  0.35286018
 -0.45102218  0.28826934 -0.5699305  -0.61247534  0.02982801 -0.43163252
  0.08981707  0.0918477  -0.91800725  0.09933531  0.4015499  -0.2856875
  0.04722235 -0.3328006   0.07163355 -0.30753577  0.5421937   0.8857367
 -0.09750689 -0.38752007 -0.18411289  0.33872068 -0.04913009 -0.15733737
 -0.56130075  0.08264353 -0.5110791   0.93964976 -0.1462396   0.37458944
 -0.84849674  0.19833656  0.31645942  0.32894605 -0.17071499 -0.29599237
 -0.14785965 -0.3486237   0.54892313  0.14059561 -0.00392567 -0.30583265
 -0.11186281  0.04492133 -0.41278258  0.16328803 -0.8505754  -0.13014568
 -0.51060706  0.30593073 -0.38848537  0.01812655  0.34041476 -0.64102876
 -0.16623561 -0.70355105  0.21220729  0.0408501  -0.250966   -0.09636045
 -1.0925738  -0.08796568  0.28907117  0.0090908   0.05652577  0.19438401
  0.5504937   0.28707463  0.2822714   0.5613695   0.35261428  0.3152103
 -0.229768   -0.1851523  -0.8663632  -0.2170748   1.3046566   0.4004108
  0.49130994  0.35654294  0.57925236  0.15534583]","[-1.3451091   1.4211445  -0.35907087 -0.00578573  1.1188264  -0.7061175
  1.6474216   0.88841975 -1.0657251   0.94766456 -0.24353151  1.2082982
 -1.008435   -0.7874041   0.34682754 -1.2182416   0.28801224 -0.38433912
 -0.5267181  -0.52472174  0.20739198  1.2936145  -0.07070708 -0.32526323
 -0.5487689  -0.13809079 -1.4534361  -1.310373    0.38506156 -0.00983582
  0.22550645  0.06249508  0.33210337  0.861494   -0.48457378  0.5288201
  0.95300883  0.49504825  1.2006813  -0.31419364  1.2444016  -0.3502723
 -0.24515213  0.35696784  0.9215303   0.32508084 -0.745864   -0.74287665
  0.40576982 -0.39376366  0.87502027 -0.35644966  0.54611963  0.3052484
 -0.29511455  1.6829265   0.3055455  -0.24004172  0.4551631   1.0702102
 -0.49398208 -0.07975581 -0.79413754  0.33525082 -0.83706796 -0.06480721
  0.4383224   1.0489361  -0.66347647  0.7387497  -0.943374   -0.84424394
 -1.138915    0.08010606  0.32997933 -0.17818527  0.36496344  0.06327442
  0.5622802  -1.0450606  -0.16057424  0.06463657 -0.3480153   1.1310331
 -1.1104578   0.5153481  -0.30518338 -0.5074977   0.5679493   0.03563003
 -0.2557361  -0.62128067 -0.97580576 -0.03336919 -0.00537455 -0.6417221
  1.3311111   0.10072437 -0.24301076 -0.40192425]","[-2.4181883  -1.3511485  -2.0270877   0.72128606 -1.5121502  -0.2634308
  1.2467902   0.2129112  -3.223384    0.62566316 -0.35931697 -1.3987099
  2.0269232   1.4157243   1.1223794   0.16151054 -0.92120576  2.8185651
 -0.27270845  0.0863593  -1.3877941  -0.46623084 -1.1135242  -3.715706
  0.6927712  -2.288745   -0.39820358  0.889284    0.5670922   0.86551553
  3.3617775  -3.5686846  -2.2110345   0.06185064 -0.4717856  -0.9302463
  1.0936977   1.9864334   0.9279449   1.2274544  -1.3108205   0.9643751
  1.4770148  -0.09301558  4.033028    1.1315653   0.74855155 -0.17542796
  0.06268474  3.8866313  -2.1472607   0.697297    4.8615727   0.43066734
  0.10455465  2.4681034  -0.29829204  3.752059    4.130114    1.2845143
  2.948756    0.13444501 -1.5498198   4.0809684   0.224804    1.3550389
  1.984888    2.2083366  -0.8378825  -0.799647    4.317072    1.085279
 -0.5704017   1.9280963   0.9187636  -3.6039214  -0.37566194  2.6229737
 -2.8827066  -0.7336036  -0.84140646  1.0229187   0.4417874  -0.41960913
  1.070873   -0.45116428 -3.0354397   0.11202673 -1.6234021   1.2986126
  0.02961163  3.6783783  -3.966241    0.7412      0.02719292 -0.27114248
 -0.8009708  -2.3403046  -1.5145564  -1.289902  ]"
